{"type":"FeatureCollection","features":[{"type":"Feature","properties":{"country":"China","name":"Gansu","slug":"gansu","iso":"CN-GS"},"geometry":{"type":"Polygon","coordinates":[[[96.37,42.73],[96.39,42.72],[96.63,42.74],[96.83,42.76],[97.21,42.79],[97.85,41.62],[97.68,41.5],[97.65,41.46],[97.71,41.35],[97.95,41.12],[98.2,40.95],[98.29,40.92],[98.33,40.86],[98.23,40.54],[98.52,40.53],[98.65,40.57],[98.83,40.73],[99.16,40.84],[99.5,40.84],[99.66,40.9],[100.01,40.9],[100.08,40.86],[100.18,40.74],[100.2,40.62],[100.14,40.52],[100.01,40.4],[99.9,40.2],[99.63,40.07],[99.53,40.0],[99.43,39.88],[99.69,39.88],[100.04,39.73],[100.19,39.69],[100.29,39.63],[100.31,39.55],[100.45,39.5],[100.54,39.41],[100.79,39.41],[100.83,39.38],[100.85,39.17],[100.89,39.11],[101.05,39.0],[101.18,39.02],[101.25,38.87],[101.33,38.83],[101.32,38.76],[101.41,38.75],[101.58,38.69],[101.83,38.69],[102.02,38.86],[102.02,38.89],[101.83,39.06],[102.39,39.24],[102.59,39.18],[102.83,39.13],[102.97,39.12],[103.28,39.29],[103.46,39.36],[103.75,39.42],[104.02,39.44],[104.06,39.31],[104.22,39.09],[104.17,38.96],[104.04,38.87],[103.98,38.76],[103.79,38.59],[103.47,38.44],[103.52,38.14],[103.39,38.1],[103.39,38.0],[103.44,37.84],[103.68,37.78],[103.86,37.63],[104.11,37.46],[104.26,37.39],[104.36,37.4],[104.46,37.44],[104.69,37.41],[104.72,37.34],[104.62,37.25],[104.71,37.22],[104.76,37.25],[104.86,37.22],[104.92,37.1],[105.18,36.97],[105.32,36.78],[105.22,36.69],[105.27,36.55],[105.39,36.38],[105.45,36.25],[105.44,36.11],[105.35,36.06],[105.32,35.93],[105.43,35.76],[105.69,35.66],[105.83,35.49],[105.94,35.52],[106.07,35.49],[106.11,35.42],[106.21,35.4],[106.31,35.27],[106.38,35.26],[106.46,35.33],[106.5,35.55],[106.43,35.7],[106.47,35.73],[106.77,35.71],[106.91,35.79],[106.84,35.88],[106.91,35.91],[106.94,36.08],[106.81,36.21],[106.74,36.21],[106.6,36.28],[106.5,36.27],[106.5,36.44],[106.44,36.51],[106.49,36.56],[106.5,36.71],[106.6,36.73],[106.65,36.83],[106.57,36.93],[106.63,37.0],[106.64,37.18],[106.79,37.19],[106.93,37.11],[107.19,37.12],[107.29,37.07],[107.3,36.91],[107.5,36.89],[107.55,36.84],[107.7,36.83],[107.89,36.76],[108.04,36.6],[108.36,36.55],[108.44,36.46],[108.61,36.43],[108.7,36.36],[108.65,36.23],[108.7,36.13],[108.68,36.01],[108.49,35.88],[108.52,35.78],[108.51,35.7],[108.6,35.55],[108.62,35.39],[108.49,35.27],[108.28,35.26],[108.15,35.29],[107.98,35.22],[107.92,35.27],[107.74,35.32],[107.67,35.23],[107.83,34.98],[107.71,34.95],[107.57,34.97],[107.5,34.93],[107.32,34.94],[107.21,34.89],[107.05,35.04],[106.91,35.09],[106.56,35.08],[106.49,35.03],[106.5,34.93],[106.55,34.86],[106.49,34.74],[106.32,34.58],[106.37,34.52],[106.5,34.52],[106.61,34.46],[106.67,34.38],[106.66,34.25],[106.55,34.28],[106.59,34.14],[106.51,34.11],[106.43,33.94],[106.48,33.87],[106.45,33.8],[106.48,33.7],[106.56,33.6],[106.5,33.54],[106.39,33.62],[106.17,33.56],[106.07,33.62],[105.99,33.61],[105.95,33.55],[105.83,33.5],[105.79,33.41],[105.72,33.39],[105.75,33.29],[105.91,33.23],[105.91,33.03],[105.89,32.98],[105.64,32.89],[105.5,32.91],[105.43,32.91],[105.39,32.82],[105.44,32.77],[105.27,32.64],[105.15,32.61],[105.03,32.64],[104.9,32.61],[104.84,32.64],[104.65,32.66],[104.56,32.69],[104.41,32.81],[104.29,32.85],[104.32,32.95],[104.38,32.96],[104.41,33.06],[104.33,33.14],[104.28,33.27],[104.29,33.36],[104.17,33.49],[104.16,33.62],[104.09,33.67],[103.92,33.68],[103.75,33.68],[103.66,33.71],[103.52,33.71],[103.56,33.81],[103.35,33.76],[103.27,33.77],[103.18,33.82],[103.19,33.88],[103.14,33.96],[103.15,34.11],[103.12,34.17],[103.0,34.21],[102.93,34.3],[102.78,34.27],[102.6,34.17],[102.62,34.08],[102.44,34.06],[102.37,33.98],[102.32,33.99],[102.17,33.94],[102.34,33.73],[102.36,33.61],[102.48,33.54],[102.48,33.47],[102.28,33.38],[102.13,33.28],[102.1,33.22],[102.0,33.22],[101.86,33.12],[101.83,33.27],[101.92,33.41],[101.88,33.55],[101.78,33.53],[101.61,33.51],[101.58,33.63],[101.5,33.7],[101.4,33.65],[101.16,33.66],[101.17,33.76],[101.13,33.85],[101.01,33.88],[100.95,33.93],[100.79,34.15],[100.82,34.29],[100.94,34.39],[101.04,34.34],[101.26,34.3],[101.32,34.26],[101.61,34.19],[101.65,34.14],[101.78,34.07],[101.86,34.14],[102.01,34.18],[102.08,34.27],[102.21,34.35],[102.15,34.5],[102.01,34.54],[101.93,34.59],[101.91,34.66],[101.79,34.63],[101.76,34.7],[101.92,34.79],[101.91,34.84],[102.01,34.94],[102.27,35.06],[102.38,35.2],[102.32,35.27],[102.29,35.41],[102.43,35.44],[102.53,35.54],[102.7,35.52],[102.72,35.62],[102.68,35.76],[102.7,35.84],[102.84,35.86],[102.98,35.83],[103.0,35.99],[102.93,36.09],[103.04,36.22],[102.89,36.31],[102.82,36.33],[102.77,36.5],[102.7,36.61],[102.61,36.66],[102.62,36.73],[102.67,36.8],[102.46,36.96],[102.5,37.09],[102.55,37.16],[102.43,37.28],[102.25,37.38],[102.14,37.41],[102.03,37.48],[102.07,37.55],[102.0,37.61],[101.94,37.73],[101.77,37.52],[101.65,37.61],[101.29,37.8],[101.05,37.96],[100.64,38.11],[100.55,38.25],[100.5,38.29],[100.36,38.31],[100.14,38.49],[100.08,38.39],[100.16,38.3],[100.08,38.28],[99.8,38.37],[99.56,38.52],[99.5,38.6],[99.1,38.89],[99.09,38.96],[98.96,38.98],[98.9,39.04],[98.78,39.07],[98.6,38.95],[98.44,38.96],[98.32,39.02],[98.26,38.93],[98.07,38.8],[98.02,38.84],[97.7,38.98],[97.67,39.01],[97.36,39.15],[97.14,39.2],[97.03,39.2],[96.96,39.1],[96.99,39.0],[96.97,38.86],[96.98,38.74],[96.94,38.64],[96.97,38.57],[96.95,38.36],[96.85,38.36],[96.51,38.47],[96.5,38.55],[96.32,38.63],[96.05,38.68],[96.01,38.75],[95.89,38.78],[95.79,38.86],[95.72,38.87],[95.57,39.02],[95.46,39.05],[95.31,39.18],[95.06,39.15],[94.91,39.2],[94.72,39.24],[94.63,39.3],[94.48,39.32],[94.12,39.32],[93.91,39.29],[93.72,39.31],[93.5,39.27],[93.41,39.22],[93.28,39.19],[93.14,39.2],[93.04,39.15],[92.94,39.15],[92.95,39.45],[92.77,39.81],[92.78,39.91],[92.92,40.12],[92.93,40.42],[93.04,40.49],[93.29,40.47],[93.58,40.59],[93.67,40.68],[93.76,40.82],[94.01,41.1],[94.58,41.59],[95.06,41.79],[95.49,41.86],[95.77,41.83],[95.86,41.86],[96.04,42.0],[96.02,42.14],[96.04,42.5],[96.09,42.59],[96.37,42.73]]]}},{"type":"Feature","properties":{"country":"China","name":"Qinghai","slug":"qinghai","iso":"CN-QH"},"geometry":{"type":"Polygon","coordinates":[[[101.78,33.53],[101.69,33.42],[101.67,33.32],[101.73,33.27],[101.64,33.13],[101.45,33.24],[101.22,33.17],[101.16,33.13],[101.13,32.94],[101.23,32.86],[101.24,32.81],[101.17,32.69],[101.05,32.68],[100.9,32.63],[100.7,32.69],[100.64,32.59],[100.6,32.45],[100.53,32.4],[100.47,32.49],[100.56,32.56],[100.5,32.67],[100.4,32.76],[100.25,32.73],[100.22,32.64],[100.12,32.67],[100.16,32.78],[100.14,32.85],[100.05,32.94],[99.84,32.96],[99.77,32.92],[99.73,32.76],[99.7,32.74],[99.51,32.84],[99.29,32.89],[99.23,33.0],[99.1,33.07],[98.85,33.17],[98.77,33.3],[98.74,33.49],[98.63,33.61],[98.65,33.68],[98.46,33.84],[98.3,33.85],[98.21,33.94],[98.03,33.96],[97.82,33.86],[97.75,33.86],[97.7,34.01],[97.61,33.93],[97.38,33.87],[97.39,33.61],[97.48,33.56],[97.54,33.45],[97.72,33.41],[97.62,33.33],[97.5,33.19],[97.48,33.12],[97.5,33.05],[97.47,32.98],[97.36,32.9],[97.38,32.78],[97.43,32.7],[97.66,32.56],[97.72,32.54],[97.63,32.44],[97.56,32.48],[97.36,32.5],[97.33,32.42],[97.39,32.38],[97.36,32.26],[97.25,32.2],[97.25,32.08],[97.12,32.01],[97.02,32.02],[96.91,31.99],[96.75,31.97],[96.79,31.91],[96.75,31.84],[96.8,31.72],[96.74,31.68],[96.66,31.72],[96.48,31.75],[96.28,31.91],[96.18,31.87],[96.15,31.78],[96.21,31.74],[96.21,31.61],[96.17,31.55],[96.09,31.7],[95.85,31.71],[95.77,31.7],[95.73,31.75],[95.59,31.76],[95.5,31.74],[95.41,31.81],[95.35,31.95],[95.43,32.09],[95.38,32.17],[95.26,32.24],[95.06,32.26],[94.95,32.34],[94.94,32.43],[94.85,32.5],[94.76,32.54],[94.72,32.59],[94.58,32.67],[94.32,32.54],[94.18,32.52],[94.11,32.48],[93.88,32.5],[93.73,32.57],[93.6,32.56],[93.51,32.52],[93.44,32.56],[93.35,32.58],[93.22,32.66],[93.03,32.66],[93.01,32.73],[92.85,32.73],[92.73,32.76],[92.65,32.74],[92.47,32.77],[92.22,32.74],[92.2,32.87],[92.09,32.89],[91.98,32.85],[91.81,32.97],[91.72,32.98],[91.54,33.08],[91.38,33.27],[91.36,33.34],[91.19,33.34],[91.13,33.25],[90.95,33.24],[90.8,33.14],[90.66,33.16],[90.44,33.28],[90.32,33.29],[90.21,33.4],[90.2,33.5],[90.14,33.58],[89.98,33.63],[89.88,33.82],[89.74,33.91],[89.64,34.09],[89.79,34.2],[89.84,34.38],[89.8,34.41],[89.79,34.55],[89.72,34.74],[89.83,34.85],[89.79,34.93],[89.58,34.94],[89.57,35.07],[89.45,35.21],[89.48,35.34],[89.73,35.44],[89.69,35.51],[89.72,35.64],[89.79,35.78],[89.79,35.83],[89.58,35.84],[89.48,35.88],[89.44,35.99],[89.51,36.05],[89.68,36.08],[89.87,36.07],[89.97,36.1],[90.01,36.25],[90.17,36.13],[90.29,36.12],[90.62,36.11],[90.83,36.01],[90.91,36.01],[91.11,36.07],[91.14,36.14],[91.06,36.31],[91.01,36.5],[90.81,36.56],[90.71,36.64],[90.69,36.7],[90.71,36.82],[90.81,36.91],[90.89,36.94],[91.05,36.95],[91.19,37.0],[91.29,37.01],[91.32,37.12],[91.23,37.2],[91.15,37.32],[91.07,37.49],[90.96,37.52],[90.83,37.61],[90.44,37.78],[90.41,37.85],[90.44,38.0],[90.19,38.33],[90.15,38.43],[90.31,38.47],[90.48,38.53],[90.64,38.62],[90.65,38.67],[91.01,38.7],[91.29,38.75],[91.49,38.82],[91.63,38.83],[91.88,38.88],[92.12,38.94],[92.33,39.05],[92.94,39.15],[93.04,39.15],[93.14,39.2],[93.28,39.19],[93.41,39.22],[93.5,39.27],[93.72,39.31],[93.91,39.29],[94.12,39.32],[94.48,39.32],[94.63,39.3],[94.72,39.24],[94.91,39.2],[95.06,39.15],[95.31,39.18],[95.46,39.05],[95.57,39.02],[95.72,38.87],[95.79,38.86],[95.89,38.78],[96.01,38.75],[96.05,38.68],[96.32,38.63],[96.5,38.55],[96.51,38.47],[96.85,38.36],[96.95,38.36],[96.97,38.57],[96.94,38.64],[96.98,38.74],[96.97,38.86],[96.99,39.0],[96.96,39.1],[97.03,39.2],[97.14,39.2],[97.36,39.15],[97.67,39.01],[97.7,38.98],[98.02,38.84],[98.07,38.8],[98.26,38.93],[98.32,39.02],[98.44,38.96],[98.6,38.95],[98.78,39.07],[98.9,39.04],[98.96,38.98],[99.09,38.96],[99.1,38.89],[99.5,38.6],[99.56,38.52],[99.8,38.37],[100.08,38.28],[100.16,38.3],[100.08,38.39],[100.14,38.49],[100.36,38.31],[100.5,38.29],[100.55,38.25],[100.64,38.11],[101.05,37.96],[101.29,37.8],[101.65,37.61],[101.77,37.52],[101.94,37.73],[102.0,37.61],[102.07,37.55],[102.03,37.48],[102.14,37.41],[102.25,37.38],[102.43,37.28],[102.55,37.16],[102.5,37.09],[102.46,36.96],[102.67,36.8],[102.62,36.73],[102.61,36.66],[102.7,36.61],[102.77,36.5],[102.82,36.33],[102.89,36.31],[103.04,36.22],[102.93,36.09],[103.0,35.99],[102.98,35.83],[102.84,35.86],[102.7,35.84],[102.68,35.76],[102.72,35.62],[102.7,35.52],[102.53,35.54],[102.43,35.44],[102.29,35.41],[102.32,35.27],[102.38,35.2],[102.27,35.06],[102.01,34.94],[101.91,34.84],[101.92,34.79],[101.76,34.7],[101.79,34.63],[101.91,34.66],[101.93,34.59],[102.01,34.54],[102.15,34.5],[102.21,34.35],[102.08,34.27],[102.01,34.18],[101.86,34.14],[101.78,34.07],[101.65,34.14],[101.61,34.19],[101.32,34.26],[101.26,34.3],[101.04,34.34],[100.94,34.39],[100.82,34.29],[100.79,34.15],[100.95,33.93],[101.01,33.88],[101.13,33.85],[101.17,33.76],[101.16,33.66],[101.4,33.65],[101.5,33.7],[101.58,33.63],[101.61,33.51],[101.78,33.53]]]}},{"type":"Feature","properties":{"country":"China","name":"Guangxi","slug":"guangxi","iso":"CN-GX"},"geometry":{"type":"Polygon","coordinates":[[[105.51,23.15],[105.62,23.28],[105.63,23.35],[105.7,23.36],[105.85,23.52],[105.98,23.47],[106.13,23.54],[106.15,23.75],[106.13,23.8],[106.19,23.87],[106.16,23.97],[105.97,24.09],[105.87,24.02],[105.79,24.02],[105.64,24.08],[105.61,24.14],[105.53,24.13],[105.45,24.04],[105.32,24.12],[105.25,24.09],[105.17,24.17],[105.18,24.31],[105.06,24.43],[104.96,24.42],[104.75,24.47],[104.73,24.36],[104.67,24.34],[104.6,24.4],[104.5,24.58],[104.49,24.7],[104.54,24.74],[104.73,24.63],[104.85,24.71],[104.88,24.76],[105.01,24.8],[105.1,24.95],[105.21,25.0],[105.29,24.93],[105.38,24.96],[105.44,24.92],[105.51,24.82],[105.68,24.79],[105.79,24.72],[105.92,24.73],[106.0,24.65],[106.18,24.78],[106.2,24.88],[106.16,24.96],[106.31,24.98],[106.59,25.1],[106.67,25.17],[106.89,25.2],[106.91,25.25],[107.0,25.26],[107.01,25.35],[106.97,25.44],[107.02,25.5],[107.24,25.56],[107.4,25.39],[107.42,25.3],[107.5,25.21],[107.64,25.27],[107.78,25.15],[107.86,25.15],[107.97,25.21],[108.07,25.21],[108.13,25.27],[108.13,25.39],[108.29,25.54],[108.4,25.51],[108.57,25.42],[108.69,25.6],[108.77,25.6],[108.77,25.52],[108.94,25.55],[109.02,25.59],[109.04,25.71],[108.95,25.69],[108.95,25.78],[109.09,25.81],[109.15,25.75],[109.3,25.74],[109.4,26.0],[109.46,26.04],[109.6,26.05],[109.67,25.99],[109.68,25.89],[109.77,25.91],[109.78,26.02],[109.84,26.05],[109.91,26.18],[110.06,26.15],[110.03,26.04],[110.14,26.05],[110.25,25.98],[110.34,26.11],[110.48,26.17],[110.54,26.22],[110.58,26.35],[110.69,26.33],[110.72,26.27],[110.88,26.28],[110.94,26.38],[111.12,26.31],[111.25,26.28],[111.26,26.21],[111.2,25.93],[111.26,25.87],[111.41,25.91],[111.41,25.8],[111.32,25.73],[111.3,25.64],[111.32,25.5],[111.25,25.4],[111.16,25.36],[111.11,25.24],[110.99,25.15],[110.95,25.03],[111.01,24.94],[111.08,24.94],[111.13,25.04],[111.27,25.15],[111.43,25.11],[111.46,25.02],[111.43,24.94],[111.47,24.79],[111.43,24.68],[111.52,24.64],[111.62,24.71],[111.67,24.78],[111.8,24.76],[111.93,24.77],[112.0,24.74],[111.93,24.7],[111.93,24.6],[112.01,24.55],[111.99,24.47],[112.05,24.38],[111.98,24.28],[111.87,24.23],[111.9,23.99],[111.81,23.91],[111.79,23.85],[111.66,23.84],[111.61,23.76],[111.6,23.66],[111.47,23.61],[111.47,23.56],[111.39,23.43],[111.36,23.27],[111.37,23.14],[111.41,23.05],[111.35,22.91],[111.28,22.82],[111.18,22.75],[111.07,22.74],[111.02,22.64],[110.75,22.58],[110.7,22.37],[110.77,22.28],[110.67,22.27],[110.64,22.18],[110.47,22.15],[110.41,22.2],[110.33,22.19],[110.36,22.1],[110.36,21.89],[110.22,21.87],[110.14,21.9],[109.97,21.87],[109.92,21.69],[109.76,21.56],[109.74,21.53],[109.69,21.52],[109.59,21.67],[109.57,21.69],[109.52,21.69],[109.54,21.54],[109.44,21.48],[109.35,21.45],[109.22,21.44],[109.15,21.43],[109.08,21.44],[109.1,21.49],[109.13,21.54],[109.1,21.59],[109.03,21.63],[108.92,21.62],[108.85,21.63],[108.77,21.63],[108.74,21.65],[108.67,21.72],[108.62,21.77],[108.59,21.82],[108.62,21.87],[108.59,21.9],[108.48,21.9],[108.48,21.83],[108.49,21.74],[108.53,21.67],[108.5,21.63],[108.44,21.61],[108.38,21.68],[108.35,21.7],[108.32,21.69],[108.3,21.62],[108.25,21.56],[108.15,21.57],[108.07,21.53],[107.97,21.51],[107.91,21.56],[107.8,21.65],[107.76,21.66],[107.64,21.61],[107.47,21.6],[107.43,21.64],[107.35,21.61],[107.27,21.71],[107.18,21.72],[107.06,21.79],[107.02,21.83],[107.01,21.89],[106.97,21.92],[106.93,21.92],[106.87,21.95],[106.79,21.98],[106.73,22.0],[106.7,21.99],[106.66,21.98],[106.66,22.02],[106.66,22.14],[106.65,22.24],[106.64,22.29],[106.59,22.32],[106.55,22.34],[106.54,22.4],[106.55,22.5],[106.58,22.57],[106.63,22.59],[106.7,22.64],[106.74,22.71],[106.78,22.78],[106.62,22.87],[106.54,22.91],[106.45,22.89],[106.34,22.86],[106.28,22.86],[106.25,22.87],[106.18,22.96],[106.15,22.97],[106.07,22.98],[106.0,22.97],[105.96,22.94],[105.9,22.92],[105.84,22.92],[105.78,22.97],[105.69,23.03],[105.55,23.07],[105.53,23.12],[105.51,23.15]]]}},{"type":"Feature","properties":{"country":"China","name":"Guizhou","slug":"guizhou","iso":"CN-GZ"},"geometry":{"type":"Polygon","coordinates":[[[106.38,28.57],[106.49,28.54],[106.56,28.77],[106.63,28.64],[106.56,28.51],[106.75,28.5],[106.76,28.59],[106.83,28.61],[106.84,28.73],[106.89,28.8],[106.97,28.8],[107.03,28.89],[107.16,28.88],[107.3,28.81],[107.44,28.88],[107.5,28.99],[107.42,29.08],[107.43,29.18],[107.5,29.25],[107.56,29.19],[107.78,29.14],[107.79,29.04],[107.88,28.98],[108.05,29.06],[108.29,29.08],[108.34,28.92],[108.37,28.78],[108.33,28.69],[108.58,28.6],[108.58,28.37],[108.73,28.48],[108.78,28.43],[108.73,28.24],[108.94,28.2],[109.09,28.21],[109.16,28.44],[109.26,28.51],[109.26,28.32],[109.35,28.27],[109.3,28.09],[109.36,28.03],[109.31,27.97],[109.33,27.81],[109.41,27.74],[109.45,27.65],[109.42,27.56],[109.32,27.5],[109.28,27.44],[109.21,27.44],[109.01,27.26],[108.9,27.19],[108.9,27.15],[108.79,27.08],[108.87,27.02],[108.95,27.03],[109.01,27.09],[109.1,27.13],[109.16,27.08],[109.23,27.15],[109.44,27.13],[109.5,27.06],[109.51,26.98],[109.44,26.9],[109.51,26.82],[109.4,26.75],[109.29,26.73],[109.38,26.65],[109.4,26.54],[109.32,26.43],[109.3,26.31],[109.4,26.27],[109.43,26.1],[109.46,26.04],[109.4,26.0],[109.3,25.74],[109.15,25.75],[109.09,25.81],[108.95,25.78],[108.95,25.69],[109.04,25.71],[109.02,25.59],[108.94,25.55],[108.77,25.52],[108.77,25.6],[108.69,25.6],[108.57,25.42],[108.4,25.51],[108.29,25.54],[108.13,25.39],[108.13,25.27],[108.07,25.21],[107.97,25.21],[107.86,25.15],[107.78,25.15],[107.64,25.27],[107.5,25.21],[107.42,25.3],[107.4,25.39],[107.24,25.56],[107.02,25.5],[106.97,25.44],[107.01,25.35],[107.0,25.26],[106.91,25.25],[106.89,25.2],[106.67,25.17],[106.59,25.1],[106.31,24.98],[106.16,24.96],[106.2,24.88],[106.18,24.78],[106.0,24.65],[105.92,24.73],[105.79,24.72],[105.68,24.79],[105.51,24.82],[105.44,24.92],[105.38,24.96],[105.29,24.93],[105.21,25.0],[105.1,24.95],[105.01,24.8],[104.88,24.76],[104.85,24.71],[104.73,24.63],[104.54,24.74],[104.55,24.81],[104.71,25.02],[104.69,25.1],[104.72,25.21],[104.67,25.3],[104.57,25.38],[104.55,25.48],[104.43,25.51],[104.42,25.58],[104.31,25.66],[104.42,25.86],[104.39,25.95],[104.5,26.03],[104.5,26.15],[104.55,26.27],[104.68,26.38],[104.63,26.5],[104.56,26.58],[104.47,26.61],[104.43,26.71],[104.36,26.65],[104.22,26.63],[104.15,26.65],[104.02,26.51],[103.83,26.55],[103.76,26.63],[103.78,26.73],[103.72,26.8],[103.78,26.88],[103.78,26.96],[103.7,27.05],[103.6,27.08],[103.7,27.15],[103.86,27.32],[103.91,27.39],[103.98,27.4],[104.17,27.27],[104.34,27.44],[104.44,27.35],[104.59,27.31],[104.78,27.33],[104.87,27.31],[105.08,27.41],[105.2,27.4],[105.3,27.72],[105.36,27.76],[105.52,27.77],[105.65,27.68],[105.88,27.75],[106.04,27.76],[106.1,27.79],[106.25,27.78],[106.35,27.83],[106.3,28.0],[106.22,28.06],[106.2,28.12],[106.11,28.17],[106.01,28.14],[105.91,28.15],[105.85,28.27],[105.67,28.32],[105.66,28.44],[105.62,28.48],[105.68,28.58],[105.89,28.61],[105.98,28.75],[106.19,28.58],[106.27,28.56],[106.34,28.48],[106.38,28.57]]]}},{"type":"Feature","properties":{"country":"China","name":"Chongqing","slug":"chongqing","iso":"CN-CQ"},"geometry":{"type":"Polygon","coordinates":[[[109.26,28.51],[109.16,28.44],[109.09,28.21],[108.94,28.2],[108.73,28.24],[108.78,28.43],[108.73,28.48],[108.58,28.37],[108.58,28.6],[108.33,28.69],[108.37,28.78],[108.34,28.92],[108.29,29.08],[108.05,29.06],[107.88,28.98],[107.79,29.04],[107.78,29.14],[107.56,29.19],[107.5,29.25],[107.43,29.18],[107.42,29.08],[107.5,28.99],[107.44,28.88],[107.3,28.81],[107.16,28.88],[107.03,28.89],[106.97,28.8],[106.89,28.8],[106.84,28.73],[106.83,28.61],[106.76,28.59],[106.75,28.5],[106.56,28.51],[106.63,28.64],[106.56,28.77],[106.49,28.54],[106.38,28.57],[106.3,28.67],[106.26,28.79],[106.26,28.87],[106.01,28.97],[105.88,28.92],[105.8,28.94],[105.75,28.99],[105.7,29.22],[105.64,29.27],[105.51,29.29],[105.42,29.33],[105.41,29.43],[105.31,29.47],[105.29,29.58],[105.41,29.7],[105.55,29.75],[105.56,29.8],[105.71,29.87],[105.74,30.03],[105.56,30.15],[105.71,30.27],[105.79,30.42],[106.0,30.39],[106.12,30.34],[106.24,30.22],[106.38,30.26],[106.45,30.32],[106.53,30.34],[106.62,30.27],[106.72,30.06],[106.77,30.04],[107.03,30.06],[107.23,30.24],[107.37,30.5],[107.48,30.61],[107.46,30.76],[107.51,30.82],[107.62,30.84],[107.74,30.88],[107.77,30.83],[107.85,30.81],[107.93,30.87],[107.93,30.95],[108.01,31.04],[108.03,31.22],[108.19,31.33],[108.22,31.47],[108.32,31.5],[108.41,31.57],[108.52,31.71],[108.5,31.79],[108.29,31.92],[108.27,31.97],[108.34,32.07],[108.42,32.1],[108.39,32.18],[108.52,32.2],[108.79,32.05],[109.06,31.94],[109.19,31.84],[109.25,31.74],[109.34,31.71],[109.59,31.74],[109.66,31.72],[109.72,31.64],[109.73,31.56],[109.93,31.52],[110.11,31.4],[110.15,31.33],[110.17,31.19],[110.11,31.12],[110.14,31.0],[110.13,30.91],[110.07,30.83],[110.0,30.83],[109.87,30.89],[109.75,30.84],[109.64,30.72],[109.39,30.58],[109.25,30.6],[109.18,30.57],[108.96,30.61],[108.87,30.55],[108.71,30.52],[108.67,30.57],[108.57,30.5],[108.43,30.49],[108.38,30.4],[108.53,30.32],[108.53,30.11],[108.55,30.01],[108.54,29.89],[108.4,29.83],[108.45,29.74],[108.51,29.72],[108.61,29.86],[108.66,29.82],[108.7,29.7],[108.87,29.64],[108.87,29.5],[108.92,29.35],[109.01,29.31],[109.08,29.21],[109.21,29.1],[109.27,29.05],[109.25,28.93],[109.25,28.79],[109.28,28.73],[109.21,28.63],[109.28,28.57],[109.26,28.51]]]}},{"type":"Feature","properties":{"country":"China","name":"Beijing","slug":"beijing","iso":"CN-BJ"},"geometry":{"type":"Polygon","coordinates":[[[116.79,39.6],[116.6,39.61],[116.43,39.52],[116.39,39.44],[116.25,39.51],[116.21,39.57],[116.0,39.56],[115.95,39.58],[115.76,39.51],[115.62,39.6],[115.46,39.64],[115.44,39.75],[115.51,39.84],[115.5,39.92],[115.43,39.96],[115.58,40.1],[115.82,40.15],[115.95,40.29],[115.73,40.54],[115.87,40.61],[115.99,40.6],[116.13,40.66],[116.21,40.75],[116.29,40.74],[116.46,40.79],[116.44,40.9],[116.65,41.03],[116.68,40.94],[116.91,40.75],[117.06,40.68],[117.2,40.69],[117.3,40.66],[117.43,40.67],[117.41,40.6],[117.24,40.57],[117.18,40.5],[117.24,40.45],[117.25,40.34],[117.36,40.26],[117.37,40.2],[117.31,40.11],[117.24,40.09],[116.99,40.03],[116.83,40.04],[116.74,39.96],[116.78,39.89],[116.92,39.77],[116.88,39.69],[116.79,39.6]]]}},{"type":"Feature","properties":{"country":"China","name":"Fujian","slug":"fujian","iso":"CN-FJ"},"geometry":{"type":"MultiPolygon","coordinates":[[[[120.42,27.2],[120.38,27.16],[120.28,27.1],[120.14,26.89],[120.1,26.78],[120.09,26.67],[120.04,26.63],[119.97,26.59],[119.88,26.61],[119.88,26.68],[119.84,26.69],[119.82,26.74],[119.82,26.8],[119.82,26.85],[119.79,26.83],[119.77,26.77],[119.71,26.73],[119.65,26.75],[119.59,26.78],[119.59,26.73],[119.62,26.68],[119.64,26.62],[119.73,26.61],[119.78,26.55],[119.83,26.45],[119.84,26.41],[119.88,26.37],[119.88,26.33],[119.8,26.3],[119.69,26.24],[119.57,26.13],[119.46,26.05],[119.37,26.05],[119.31,26.06],[119.23,26.1],[119.14,26.12],[119.26,25.97],[119.33,25.95],[119.42,25.95],[119.5,26.01],[119.62,26.0],[119.65,25.92],[119.62,25.82],[119.55,25.7],[119.54,25.59],[119.62,25.44],[119.62,25.39],[119.59,25.37],[119.5,25.41],[119.42,25.46],[119.34,25.45],[119.26,25.47],[119.18,25.45],[119.15,25.41],[119.17,25.36],[119.24,25.31],[119.29,25.23],[119.24,25.21],[119.02,25.22],[118.98,25.21],[118.91,25.13],[118.96,25.0],[118.91,24.93],[118.82,24.91],[118.71,24.85],[118.64,24.84],[118.64,24.81],[118.69,24.78],[118.72,24.75],[118.66,24.62],[118.56,24.58],[118.41,24.6],[118.3,24.57],[118.19,24.63],[118.09,24.63],[118.01,24.56],[118.01,24.48],[117.94,24.47],[117.9,24.48],[117.84,24.47],[117.85,24.43],[117.88,24.4],[118.02,24.38],[118.05,24.33],[118.06,24.25],[117.9,24.11],[117.84,24.01],[117.74,24.01],[117.67,23.94],[117.63,23.84],[117.58,23.86],[117.47,23.84],[117.43,23.79],[117.46,23.77],[117.46,23.74],[117.42,23.62],[117.37,23.59],[117.35,23.64],[117.33,23.71],[117.29,23.71],[117.22,23.65],[117.18,23.62],[117.04,23.74],[116.92,24.08],[116.97,24.19],[116.88,24.39],[116.75,24.55],[116.75,24.67],[116.6,24.66],[116.53,24.62],[116.37,24.84],[116.11,24.85],[116.04,24.89],[115.89,24.92],[115.89,25.0],[115.84,25.19],[115.91,25.24],[115.98,25.35],[116.0,25.5],[116.04,25.57],[116.03,25.64],[116.12,25.76],[116.14,25.87],[116.18,25.91],[116.32,25.96],[116.4,26.06],[116.42,26.15],[116.4,26.29],[116.5,26.41],[116.59,26.4],[116.62,26.49],[116.54,26.56],[116.5,26.69],[116.55,26.87],[116.67,26.99],[116.92,27.02],[117.04,27.11],[117.15,27.28],[117.1,27.35],[117.12,27.43],[117.11,27.57],[117.23,27.72],[117.29,27.77],[117.28,27.86],[117.54,27.97],[117.61,27.87],[117.75,27.81],[117.82,27.94],[117.95,27.97],[118.06,27.98],[118.13,28.04],[118.37,28.1],[118.35,28.22],[118.45,28.29],[118.5,28.26],[118.74,28.33],[118.8,28.21],[118.77,28.18],[118.75,27.97],[118.82,27.91],[118.89,27.72],[118.92,27.55],[119.01,27.48],[119.19,27.42],[119.27,27.42],[119.39,27.51],[119.47,27.53],[119.51,27.64],[119.62,27.67],[119.69,27.51],[119.69,27.41],[119.77,27.32],[120.06,27.34],[120.15,27.4],[120.25,27.41],[120.34,27.38],[120.41,27.3],[120.42,27.2]]],[[[118.08,24.5],[118.09,24.54],[118.1,24.55],[118.17,24.52],[118.18,24.5],[118.15,24.44],[118.09,24.45],[118.09,24.49],[118.08,24.5]]],[[[119.8,25.62],[119.83,25.61],[119.84,25.59],[119.84,25.56],[119.81,25.51],[119.83,25.48],[119.82,25.46],[119.75,25.41],[119.7,25.43],[119.7,25.49],[119.72,25.55],[119.7,25.59],[119.72,25.64],[119.78,25.65],[119.8,25.62]]]]}},{"type":"Feature","properties":{"country":"China","name":"Anhui","slug":"anhui","iso":"CN-AH"},"geometry":{"type":"Polygon","coordinates":[[[116.15,29.79],[116.13,29.9],[116.08,29.97],[116.08,30.05],[116.04,30.22],[115.91,30.32],[115.88,30.39],[115.95,30.49],[115.83,30.59],[115.77,30.69],[115.78,30.75],[115.86,30.78],[115.86,30.86],[116.04,30.99],[115.95,31.03],[115.88,31.13],[115.77,31.14],[115.67,31.22],[115.55,31.18],[115.37,31.42],[115.39,31.51],[115.53,31.74],[115.66,31.78],[115.9,31.79],[115.93,32.02],[115.91,32.25],[115.89,32.39],[115.79,32.47],[115.69,32.49],[115.65,32.4],[115.56,32.4],[115.46,32.51],[115.37,32.56],[115.2,32.59],[115.18,32.86],[114.93,32.96],[114.88,32.99],[114.89,33.08],[114.97,33.12],[115.14,33.08],[115.25,33.12],[115.35,33.25],[115.32,33.37],[115.35,33.45],[115.44,33.55],[115.63,33.59],[115.57,33.75],[115.63,33.84],[115.56,33.9],[115.59,33.98],[115.65,34.05],[115.73,34.07],[115.84,34.01],[115.96,34.0],[115.97,33.9],[116.08,33.78],[116.18,33.72],[116.42,33.79],[116.45,33.85],[116.64,33.95],[116.54,34.12],[116.58,34.19],[116.55,34.29],[116.4,34.28],[116.16,34.45],[116.15,34.57],[116.27,34.58],[116.38,34.64],[116.43,34.64],[116.62,34.49],[116.77,34.45],[116.8,34.4],[116.95,34.39],[116.97,34.28],[117.03,34.16],[117.16,34.09],[117.32,34.08],[117.39,34.03],[117.5,34.05],[117.57,33.99],[117.65,33.98],[117.69,33.89],[117.75,33.88],[117.75,33.72],[117.93,33.73],[118.12,33.77],[118.18,33.69],[118.12,33.61],[117.93,33.24],[118.0,33.17],[118.08,33.15],[118.22,33.18],[118.25,33.01],[118.24,32.92],[118.3,32.78],[118.4,32.73],[118.72,32.73],[118.75,32.84],[118.8,32.87],[118.86,32.97],[118.99,32.96],[119.01,32.91],[119.11,32.83],[119.19,32.71],[119.2,32.59],[119.08,32.45],[118.89,32.6],[118.75,32.61],[118.55,32.57],[118.61,32.48],[118.67,32.45],[118.68,32.34],[118.65,32.24],[118.51,32.2],[118.5,32.14],[118.38,32.05],[118.35,31.95],[118.48,31.86],[118.48,31.79],[118.68,31.7],[118.68,31.65],[118.86,31.63],[118.88,31.52],[118.83,31.4],[118.75,31.36],[118.76,31.28],[118.82,31.23],[119.07,31.24],[119.16,31.29],[119.32,31.27],[119.36,31.19],[119.63,31.13],[119.57,30.85],[119.5,30.77],[119.44,30.64],[119.35,30.68],[119.24,30.55],[119.32,30.52],[119.36,30.4],[119.21,30.31],[119.06,30.31],[118.93,30.35],[118.88,30.32],[118.91,30.22],[118.85,30.16],[118.89,29.98],[118.82,29.88],[118.74,29.83],[118.72,29.73],[118.65,29.66],[118.56,29.63],[118.47,29.52],[118.37,29.45],[118.17,29.41],[118.11,29.52],[117.99,29.57],[117.9,29.55],[117.71,29.56],[117.65,29.61],[117.53,29.62],[117.4,29.77],[117.41,29.83],[117.27,29.83],[117.23,29.91],[117.13,29.91],[117.07,29.84],[117.11,29.79],[117.08,29.71],[116.96,29.65],[116.89,29.56],[116.75,29.54],[116.65,29.63],[116.67,29.71],[116.8,29.76],[116.89,29.92],[116.79,30.02],[116.65,30.05],[116.49,29.88],[116.39,29.88],[116.24,29.78],[116.15,29.79]]]}},{"type":"Feature","properties":{"country":"China","name":"Guangdong","slug":"guangdong","iso":"CN-GD"},"geometry":{"type":"MultiPolygon","coordinates":[[[[113.46,22.9],[113.52,22.85],[113.56,22.8],[113.56,22.76],[113.49,22.83],[113.46,22.83],[113.43,22.86],[113.4,22.9],[113.46,22.9]]],[[[112.78,21.77],[112.84,21.76],[112.86,21.75],[112.81,21.71],[112.8,21.69],[112.79,21.6],[112.77,21.58],[112.74,21.62],[112.73,21.67],[112.71,21.7],[112.76,21.73],[112.78,21.77]]],[[[112.56,21.67],[112.65,21.71],[112.64,21.64],[112.55,21.62],[112.53,21.62],[112.56,21.67]]],[[[110.52,21.08],[110.54,21.04],[110.54,21.02],[110.5,20.97],[110.42,21.01],[110.34,21.0],[110.28,21.0],[110.26,21.03],[110.31,21.07],[110.39,21.09],[110.42,21.06],[110.52,21.08]]],[[[109.76,21.56],[109.92,21.69],[109.97,21.87],[110.14,21.9],[110.22,21.87],[110.36,21.89],[110.36,22.1],[110.33,22.19],[110.41,22.2],[110.47,22.15],[110.64,22.18],[110.67,22.27],[110.77,22.28],[110.7,22.37],[110.75,22.58],[111.02,22.64],[111.07,22.74],[111.18,22.75],[111.28,22.82],[111.35,22.91],[111.41,23.05],[111.37,23.14],[111.36,23.27],[111.39,23.43],[111.47,23.56],[111.47,23.61],[111.6,23.66],[111.61,23.76],[111.66,23.84],[111.79,23.85],[111.81,23.91],[111.9,23.99],[111.87,24.23],[111.98,24.28],[112.05,24.38],[111.99,24.47],[112.01,24.55],[111.93,24.6],[111.93,24.7],[112.0,24.74],[112.07,24.8],[112.14,24.79],[112.16,24.91],[112.12,24.95],[112.18,25.15],[112.21,25.2],[112.46,25.16],[112.66,25.11],[112.71,25.0],[112.81,24.94],[112.99,24.96],[112.96,25.06],[112.97,25.18],[112.89,25.24],[112.92,25.32],[113.09,25.41],[113.22,25.51],[113.42,25.38],[113.52,25.39],[113.58,25.33],[113.71,25.36],[113.83,25.36],[113.93,25.45],[114.01,25.44],[114.03,25.27],[114.11,25.31],[114.28,25.29],[114.38,25.34],[114.43,25.39],[114.57,25.41],[114.58,25.36],[114.71,25.29],[114.68,25.16],[114.73,25.12],[114.55,25.05],[114.41,24.98],[114.38,24.88],[114.3,24.76],[114.19,24.7],[114.29,24.6],[114.42,24.5],[114.5,24.56],[114.64,24.59],[114.71,24.55],[114.74,24.63],[114.86,24.59],[114.94,24.67],[115.05,24.71],[115.14,24.68],[115.24,24.75],[115.42,24.78],[115.54,24.69],[115.6,24.61],[115.71,24.55],[115.8,24.57],[115.75,24.75],[115.79,24.86],[115.89,24.92],[116.04,24.89],[116.11,24.85],[116.37,24.84],[116.53,24.62],[116.6,24.66],[116.75,24.67],[116.75,24.55],[116.88,24.39],[116.97,24.19],[116.92,24.08],[117.04,23.74],[117.18,23.62],[117.15,23.6],[117.08,23.58],[117.03,23.62],[116.91,23.65],[116.86,23.45],[116.76,23.38],[116.71,23.36],[116.63,23.35],[116.68,23.33],[116.7,23.28],[116.67,23.23],[116.59,23.22],[116.54,23.18],[116.52,23.01],[116.47,22.95],[116.35,22.94],[116.25,22.98],[116.22,22.95],[116.21,22.92],[116.16,22.89],[116.06,22.88],[115.85,22.8],[115.76,22.82],[115.64,22.85],[115.56,22.82],[115.53,22.77],[115.5,22.72],[115.38,22.72],[115.29,22.78],[115.2,22.82],[115.09,22.78],[115.01,22.71],[114.91,22.68],[114.9,22.64],[114.85,22.62],[114.75,22.63],[114.71,22.74],[114.65,22.76],[114.59,22.7],[114.57,22.65],[114.54,22.62],[114.55,22.53],[114.5,22.53],[114.42,22.58],[114.34,22.59],[114.27,22.54],[114.23,22.55],[114.19,22.57],[114.12,22.57],[114.1,22.55],[114.05,22.54],[114.02,22.51],[114.02,22.51],[113.93,22.53],[113.83,22.61],[113.75,22.73],[113.66,22.8],[113.62,22.86],[113.6,22.97],[113.59,23.02],[113.59,23.08],[113.62,23.13],[113.52,23.1],[113.45,23.06],[113.46,23.0],[113.44,22.94],[113.33,22.91],[113.34,22.89],[113.34,22.86],[113.43,22.79],[113.45,22.73],[113.48,22.69],[113.55,22.59],[113.55,22.4],[113.59,22.35],[113.58,22.3],[113.55,22.22],[113.53,22.25],[113.49,22.24],[113.48,22.22],[113.48,22.2],[113.42,22.18],[113.37,22.16],[113.33,22.15],[113.27,22.09],[113.15,22.07],[113.09,22.21],[113.01,22.12],[112.98,21.94],[112.95,21.91],[112.9,21.88],[112.81,21.94],[112.73,21.9],[112.66,21.86],[112.63,21.82],[112.59,21.78],[112.49,21.82],[112.42,21.88],[112.44,21.93],[112.43,21.96],[112.4,21.98],[112.36,21.98],[112.38,21.92],[112.39,21.8],[112.36,21.77],[112.3,21.74],[112.19,21.76],[112.12,21.81],[112.03,21.84],[111.94,21.85],[111.93,21.78],[111.87,21.72],[111.82,21.71],[111.78,21.72],[111.71,21.66],[111.68,21.61],[111.6,21.56],[111.39,21.54],[111.32,21.49],[111.22,21.49],[111.14,21.48],[111.1,21.48],[111.06,21.51],[111.02,21.51],[111.0,21.43],[110.88,21.4],[110.77,21.39],[110.65,21.28],[110.57,21.21],[110.5,21.21],[110.46,21.23],[110.43,21.33],[110.41,21.34],[110.4,21.25],[110.37,21.17],[110.33,21.13],[110.19,21.04],[110.15,20.94],[110.18,20.86],[110.37,20.84],[110.39,20.79],[110.37,20.75],[110.33,20.72],[110.31,20.67],[110.51,20.52],[110.52,20.46],[110.49,20.43],[110.45,20.36],[110.34,20.29],[110.12,20.26],[109.94,20.3],[109.88,20.36],[109.89,20.41],[109.93,20.4],[109.98,20.4],[109.97,20.45],[109.95,20.47],[109.86,20.51],[109.79,20.62],[109.81,20.71],[109.77,20.78],[109.73,20.84],[109.68,20.87],[109.66,20.92],[109.7,21.05],[109.68,21.13],[109.76,21.23],[109.78,21.34],[109.92,21.38],[109.93,21.48],[109.83,21.48],[109.76,21.56]]]]}},{"type":"Feature","properties":{"country":"China","name":"Xizang","slug":"xizang","iso":"CN-XZ"},"geometry":{"type":"Polygon","coordinates":[[[78.95,34.34],[79.2,34.44],[79.34,34.43],[79.51,34.47],[79.72,34.41],[79.79,34.43],[79.96,34.68],[79.88,34.92],[80.05,35.02],[80.01,35.09],[80.18,35.25],[80.26,35.44],[80.32,35.51],[80.49,35.4],[80.66,35.38],[80.77,35.34],[80.86,35.35],[80.98,35.29],[81.06,35.39],[81.21,35.32],[81.36,35.33],[81.46,35.31],[81.55,35.25],[81.71,35.25],[82.0,35.32],[82.09,35.45],[82.29,35.54],[82.32,35.63],[82.43,35.69],[82.71,35.65],[82.78,35.68],[82.94,35.67],[82.98,35.6],[82.97,35.49],[83.1,35.41],[83.25,35.42],[83.45,35.39],[83.56,35.36],[83.87,35.37],[83.98,35.42],[84.13,35.38],[84.21,35.39],[84.56,35.56],[84.78,35.6],[84.92,35.69],[85.15,35.75],[85.26,35.73],[85.39,35.76],[85.62,35.68],[85.72,35.76],[85.93,35.76],[86.09,35.88],[86.21,36.12],[86.4,36.17],[86.46,36.22],[86.71,36.23],[86.79,36.26],[87.0,36.27],[87.19,36.3],[87.35,36.37],[87.57,36.33],[87.92,36.38],[88.0,36.43],[88.46,36.45],[88.52,36.41],[88.71,36.37],[88.83,36.37],[88.96,36.29],[89.22,36.26],[89.68,36.08],[89.51,36.05],[89.44,35.99],[89.48,35.88],[89.58,35.84],[89.79,35.83],[89.79,35.78],[89.72,35.64],[89.69,35.51],[89.73,35.44],[89.48,35.34],[89.45,35.21],[89.57,35.07],[89.58,34.94],[89.79,34.93],[89.83,34.85],[89.72,34.74],[89.79,34.55],[89.8,34.41],[89.84,34.38],[89.79,34.2],[89.64,34.09],[89.74,33.91],[89.88,33.82],[89.98,33.63],[90.14,33.58],[90.2,33.5],[90.21,33.4],[90.32,33.29],[90.44,33.28],[90.66,33.16],[90.8,33.14],[90.95,33.24],[91.13,33.25],[91.19,33.34],[91.36,33.34],[91.38,33.27],[91.54,33.08],[91.72,32.98],[91.81,32.97],[91.98,32.85],[92.09,32.89],[92.2,32.87],[92.22,32.74],[92.47,32.77],[92.65,32.74],[92.73,32.76],[92.85,32.73],[93.01,32.73],[93.03,32.66],[93.22,32.66],[93.35,32.58],[93.44,32.56],[93.51,32.52],[93.6,32.56],[93.73,32.57],[93.88,32.5],[94.11,32.48],[94.18,32.52],[94.32,32.54],[94.58,32.67],[94.72,32.59],[94.76,32.54],[94.85,32.5],[94.94,32.43],[94.95,32.34],[95.06,32.26],[95.26,32.24],[95.38,32.17],[95.43,32.09],[95.35,31.95],[95.41,31.81],[95.5,31.74],[95.59,31.76],[95.73,31.75],[95.77,31.7],[95.85,31.71],[96.09,31.7],[96.17,31.55],[96.21,31.61],[96.21,31.74],[96.15,31.78],[96.18,31.87],[96.28,31.91],[96.48,31.75],[96.66,31.72],[96.74,31.68],[96.8,31.72],[96.75,31.84],[96.79,31.91],[96.75,31.97],[96.91,31.99],[97.02,32.02],[97.12,32.01],[97.25,32.08],[97.25,32.2],[97.36,32.26],[97.39,32.38],[97.33,32.42],[97.36,32.5],[97.56,32.48],[97.63,32.44],[97.72,32.54],[98.01,32.46],[98.08,32.4],[98.21,32.36],[98.22,32.25],[98.31,32.13],[98.45,31.98],[98.42,31.88],[98.45,31.8],[98.56,31.68],[98.59,31.6],[98.88,31.35],[98.77,31.23],[98.68,31.32],[98.61,31.26],[98.62,31.19],[98.8,30.99],[98.78,30.9],[98.95,30.75],[98.91,30.66],[98.93,30.49],[98.96,30.46],[98.99,30.14],[99.03,30.06],[99.06,29.92],[99.01,29.82],[98.99,29.65],[99.04,29.56],[99.06,29.31],[99.11,29.22],[98.99,29.2],[99.01,29.07],[98.93,28.99],[98.91,28.91],[98.95,28.84],[98.87,28.81],[98.82,28.89],[98.79,29.0],[98.66,28.97],[98.64,28.88],[98.68,28.76],[98.59,28.67],[98.64,28.42],[98.58,28.32],[98.49,28.25],[98.41,28.25],[98.3,28.35],[98.23,28.2],[98.1,28.14],[98.1,28.14],[98.06,28.19],[98.02,28.21],[97.93,28.31],[97.89,28.36],[97.86,28.36],[97.82,28.36],[97.77,28.36],[97.73,28.41],[97.69,28.47],[97.66,28.5],[97.6,28.52],[97.54,28.51],[97.5,28.46],[97.48,28.43],[97.43,28.35],[97.36,28.25],[97.32,28.22],[97.29,28.24],[97.15,28.34],[97.08,28.37],[96.98,28.34],[96.83,28.36],[96.78,28.37],[96.65,28.45],[96.6,28.46],[96.43,28.41],[96.39,28.37],[96.37,28.37],[96.32,28.39],[96.28,28.41],[96.28,28.43],[96.33,28.47],[96.33,28.5],[96.33,28.53],[96.4,28.61],[96.58,28.76],[96.55,28.83],[96.48,28.96],[96.47,29.02],[96.44,29.05],[96.35,29.03],[96.16,28.91],[96.14,28.92],[96.14,28.96],[96.12,29.08],[96.18,29.12],[96.27,29.16],[96.34,29.21],[96.36,29.25],[96.34,29.26],[96.23,29.25],[96.19,29.27],[96.13,29.38],[96.08,29.42],[96.04,29.45],[95.89,29.39],[95.71,29.31],[95.52,29.21],[95.52,29.15],[95.49,29.14],[95.46,29.1],[95.42,29.05],[95.39,29.04],[95.35,29.04],[95.28,29.05],[95.14,29.1],[95.0,29.15],[94.97,29.14],[94.77,29.18],[94.76,29.2],[94.73,29.25],[94.68,29.3],[94.62,29.31],[94.47,29.22],[94.29,29.14],[94.19,29.06],[94.11,28.98],[94.02,28.96],[94.01,28.91],[93.97,28.86],[93.9,28.8],[93.76,28.73],[93.66,28.69],[93.36,28.65],[93.25,28.63],[93.21,28.59],[93.16,28.49],[93.12,28.4],[93.03,28.33],[92.88,28.23],[92.7,28.15],[92.65,28.09],[92.64,28.06],[92.67,28.05],[92.69,28.03],[92.69,27.99],[92.66,27.95],[92.55,27.88],[92.48,27.85],[92.41,27.82],[92.34,27.82],[92.27,27.83],[92.25,27.84],[92.22,27.83],[92.16,27.81],[92.1,27.81],[91.98,27.73],[91.91,27.73],[91.82,27.75],[91.71,27.76],[91.63,27.76],[91.63,27.8],[91.64,27.92],[91.61,27.95],[91.49,27.98],[91.37,28.02],[91.31,28.06],[91.27,28.08],[91.23,28.07],[91.15,28.03],[91.08,27.97],[91.02,27.97],[90.96,27.99],[90.91,28.03],[90.72,28.07],[90.63,28.08],[90.48,28.07],[90.35,28.08],[90.33,28.09],[90.33,28.12],[90.33,28.12],[90.35,28.17],[90.36,28.22],[90.35,28.24],[90.22,28.28],[90.1,28.3],[89.98,28.31],[89.9,28.29],[89.82,28.26],[89.8,28.24],[89.75,28.19],[89.65,28.16],[89.54,28.11],[89.48,28.06],[89.4,27.96],[89.27,27.83],[89.16,27.71],[89.12,27.62],[89.1,27.59],[89.03,27.52],[89.02,27.51],[88.95,27.46],[88.89,27.32],[88.83,27.36],[88.76,27.43],[88.75,27.52],[88.83,27.77],[88.85,27.87],[88.83,27.91],[88.8,28.01],[88.76,28.04],[88.62,28.09],[88.58,28.09],[88.53,28.06],[88.49,28.03],[88.43,28.01],[88.28,27.97],[88.14,27.95],[88.11,27.93],[88.1,27.9],[88.11,27.87],[88.02,27.88],[87.93,27.89],[87.86,27.89],[87.68,27.82],[87.62,27.82],[87.56,27.82],[87.46,27.82],[87.29,27.82],[87.14,27.84],[87.02,27.93],[86.93,27.97],[86.84,28.0],[86.75,28.02],[86.72,28.07],[86.69,28.09],[86.61,28.1],[86.55,28.09],[86.52,27.96],[86.48,27.94],[86.41,27.93],[86.33,27.96],[86.22,28.02],[86.17,28.09],[86.14,28.11],[86.08,28.08],[86.08,27.99],[86.06,27.93],[85.99,27.91],[85.95,27.93],[85.92,27.99],[85.84,28.14],[85.76,28.22],[85.68,28.28],[85.41,28.28],[85.21,28.29],[85.12,28.32],[85.09,28.37],[85.12,28.48],[85.16,28.57],[85.16,28.59],[85.13,28.6],[85.07,28.61],[84.86,28.55],[84.8,28.56],[84.76,28.58],[84.71,28.6],[84.68,28.62],[84.65,28.66],[84.47,28.75],[84.41,28.8],[84.31,28.87],[84.23,28.91],[84.18,29.04],[84.13,29.16],[84.1,29.22],[84.02,29.25],[83.94,29.28],[83.79,29.23],[83.67,29.19],[83.58,29.18],[83.46,29.31],[83.36,29.44],[83.24,29.55],[83.16,29.61],[83.01,29.62],[82.85,29.68],[82.64,29.83],[82.49,29.94],[82.22,30.06],[82.16,30.12],[82.14,30.16],[82.1,30.25],[82.04,30.33],[81.85,30.36],[81.64,30.39],[81.42,30.34],[81.26,30.09],[81.18,30.04],[81.11,30.04],[81.06,30.1],[81.01,30.16],[80.99,30.24],[80.87,30.29],[80.75,30.36],[80.68,30.41],[80.61,30.45],[80.54,30.46],[80.41,30.51],[80.26,30.56],[80.19,30.57],[80.19,30.57],[80.19,30.61],[80.21,30.68],[80.19,30.76],[80.15,30.79],[80.08,30.78],[79.92,30.89],[79.91,30.9],[79.87,30.92],[79.79,30.97],[79.66,30.97],[79.57,30.95],[79.49,30.99],[79.39,31.06],[79.37,31.08],[79.37,31.08],[79.34,31.11],[79.23,31.24],[79.11,31.4],[79.04,31.43],[79.01,31.41],[78.97,31.33],[78.95,31.34],[78.9,31.33],[78.87,31.31],[78.84,31.3],[78.84,31.3],[78.79,31.29],[78.76,31.3],[78.74,31.32],[78.76,31.44],[78.73,31.47],[78.76,31.55],[78.8,31.62],[78.75,31.67],[78.69,31.74],[78.69,31.81],[78.72,31.88],[78.72,31.89],[78.74,31.96],[78.73,31.98],[78.68,32.02],[78.5,32.22],[78.49,32.23],[78.49,32.24],[78.46,32.3],[78.44,32.4],[78.42,32.47],[78.39,32.52],[78.39,32.53],[78.39,32.54],[78.41,32.56],[78.53,32.57],[78.63,32.58],[78.7,32.6],[78.74,32.56],[78.75,32.5],[78.77,32.47],[78.84,32.41],[78.92,32.36],[79.0,32.37],[79.07,32.39],[79.13,32.48],[79.17,32.5],[79.22,32.5],[79.22,32.5],[79.29,32.51],[79.38,32.57],[79.47,32.64],[79.49,32.69],[79.5,32.73],[79.44,32.83],[79.33,32.98],[79.34,33.03],[79.38,33.15],[79.36,33.17],[79.12,33.23],[79.11,33.23],[79.07,33.25],[79.01,33.29],[78.95,33.35],[78.92,33.39],[78.87,33.43],[78.8,33.5],[78.79,33.65],[78.78,33.81],[78.76,33.89],[78.73,34.01],[78.73,34.06],[78.75,34.09],[78.93,34.19],[78.97,34.23],[78.98,34.26],[78.97,34.3],[78.95,34.34]]]}},{"type":"Feature","properties":{"country":"India","name":"Sikkim","slug":"sikkim","iso":"IN-SK"},"geometry":{"type":"Polygon","coordinates":[[[88.89,27.32],[88.88,27.3],[88.76,27.22],[88.74,27.18],[88.76,27.15],[88.66,27.17],[88.52,27.18],[88.45,27.11],[88.36,27.09],[88.23,27.14],[88.12,27.14],[88.0,27.25],[88.02,27.41],[88.07,27.57],[88.11,27.64],[88.15,27.75],[88.15,27.8],[88.15,27.84],[88.11,27.87],[88.1,27.9],[88.11,27.93],[88.14,27.95],[88.28,27.97],[88.43,28.01],[88.49,28.03],[88.53,28.06],[88.58,28.09],[88.62,28.09],[88.76,28.04],[88.8,28.01],[88.83,27.91],[88.85,27.87],[88.83,27.77],[88.75,27.52],[88.76,27.43],[88.83,27.36],[88.89,27.32]]]}},{"type":"Feature","properties":{"country":"China","name":"Xinjiang","slug":"xinjiang","iso":"CN-XJ"},"geometry":{"type":"Polygon","coordinates":[[[78.95,34.34],[78.94,34.35],[78.86,34.39],[78.76,34.45],[78.67,34.52],[78.52,34.56],[78.33,34.61],[78.28,34.65],[78.24,34.77],[78.16,34.95],[78.08,35.13],[78.01,35.25],[78.01,35.31],[78.05,35.45],[78.04,35.48],[78.01,35.49],[77.95,35.47],[77.89,35.45],[77.85,35.46],[77.81,35.48],[77.8,35.5],[77.72,35.48],[77.57,35.47],[77.52,35.47],[77.45,35.48],[77.29,35.51],[77.09,35.55],[76.88,35.61],[76.77,35.66],[76.73,35.68],[76.63,35.73],[76.56,35.77],[76.55,35.89],[76.5,35.88],[76.39,35.84],[76.25,35.81],[76.18,35.81],[76.15,35.83],[76.1,35.95],[76.07,35.98],[76.01,36.0],[75.95,36.02],[75.91,36.05],[75.9,36.09],[75.93,36.13],[75.97,36.17],[75.97,36.38],[75.95,36.46],[75.95,36.46],[75.93,36.52],[75.89,36.6],[75.84,36.65],[75.77,36.69],[75.67,36.74],[75.57,36.76],[75.46,36.73],[75.42,36.74],[75.38,36.88],[75.35,36.91],[75.15,36.97],[75.05,36.99],[74.95,36.97],[74.89,36.95],[74.84,36.98],[74.77,37.01],[74.69,37.04],[74.6,37.04],[74.54,37.02],[74.53,37.03],[74.5,37.06],[74.38,37.14],[74.37,37.16],[74.56,37.24],[74.67,37.27],[74.73,37.29],[74.74,37.29],[74.77,37.25],[74.84,37.23],[74.89,37.23],[74.92,37.25],[75.01,37.29],[75.08,37.34],[75.12,37.39],[75.1,37.45],[74.99,37.53],[74.92,37.57],[74.89,37.6],[74.91,37.69],[74.94,37.77],[74.92,37.81],[74.9,37.83],[74.89,37.93],[74.84,38.04],[74.79,38.1],[74.78,38.19],[74.77,38.27],[74.84,38.4],[74.81,38.46],[74.75,38.51],[74.51,38.6],[74.28,38.66],[74.19,38.66],[74.13,38.66],[74.07,38.61],[74.03,38.54],[73.97,38.53],[73.87,38.56],[73.8,38.61],[73.75,38.7],[73.72,38.82],[73.7,38.85],[73.71,38.89],[73.73,38.91],[73.79,38.94],[73.81,38.97],[73.8,39.0],[73.74,39.04],[73.69,39.1],[73.61,39.23],[73.62,39.3],[73.64,39.4],[73.63,39.45],[73.72,39.46],[73.82,39.49],[73.87,39.53],[73.91,39.58],[73.91,39.61],[73.88,39.71],[73.84,39.76],[73.84,39.8],[73.86,39.83],[73.88,39.88],[73.94,39.98],[73.99,40.04],[74.02,40.06],[74.09,40.07],[74.24,40.09],[74.41,40.14],[74.61,40.27],[74.68,40.31],[74.77,40.33],[74.83,40.33],[74.84,40.34],[74.8,40.43],[74.81,40.46],[74.84,40.48],[74.87,40.49],[75.0,40.45],[75.11,40.45],[75.24,40.48],[75.52,40.63],[75.56,40.63],[75.58,40.61],[75.62,40.52],[75.66,40.33],[75.68,40.31],[75.87,40.3],[76.0,40.37],[76.06,40.39],[76.16,40.38],[76.21,40.41],[76.26,40.43],[76.32,40.35],[76.4,40.39],[76.48,40.45],[76.52,40.51],[76.58,40.58],[76.62,40.66],[76.64,40.74],[76.66,40.78],[76.71,40.82],[76.82,40.98],[76.91,41.02],[76.99,41.04],[77.18,41.01],[77.28,41.01],[77.58,40.99],[77.72,41.02],[77.82,41.06],[77.96,41.05],[78.12,41.08],[78.35,41.28],[78.35,41.33],[78.36,41.37],[78.44,41.42],[78.54,41.46],[78.74,41.56],[79.15,41.72],[79.29,41.78],[79.35,41.78],[79.5,41.82],[79.77,41.9],[79.84,42.0],[79.91,42.02],[80.22,42.03],[80.24,42.04],[80.25,42.06],[80.23,42.13],[80.21,42.19],[80.23,42.21],[80.26,42.24],[80.26,42.27],[80.21,42.4],[80.18,42.52],[80.16,42.63],[80.17,42.67],[80.2,42.73],[80.25,42.8],[80.42,42.86],[80.54,42.87],[80.54,42.91],[80.45,42.94],[80.38,42.97],[80.37,43.0],[80.37,43.02],[80.39,43.04],[80.51,43.09],[80.62,43.13],[80.75,43.1],[80.78,43.12],[80.79,43.16],[80.76,43.2],[80.73,43.27],[80.67,43.31],[80.67,43.35],[80.7,43.43],[80.65,43.56],[80.59,43.69],[80.5,43.89],[80.43,43.95],[80.4,44.05],[80.36,44.1],[80.36,44.17],[80.37,44.22],[80.35,44.33],[80.34,44.44],[80.36,44.55],[80.39,44.63],[80.38,44.66],[80.4,44.68],[80.46,44.68],[80.48,44.71],[80.46,44.75],[80.36,44.77],[80.26,44.81],[80.13,44.8],[80.0,44.8],[79.93,44.83],[79.88,44.86],[79.87,44.88],[79.95,44.94],[80.06,45.01],[80.23,45.03],[80.41,45.08],[80.51,45.1],[80.63,45.13],[80.78,45.14],[80.85,45.13],[81.04,45.17],[81.33,45.25],[81.6,45.31],[81.69,45.35],[81.76,45.31],[81.79,45.23],[81.87,45.18],[81.94,45.16],[81.99,45.16],[82.12,45.19],[82.27,45.22],[82.32,45.21],[82.4,45.16],[82.48,45.12],[82.52,45.13],[82.56,45.16],[82.6,45.22],[82.62,45.29],[82.63,45.37],[82.61,45.42],[82.58,45.44],[82.45,45.47],[82.33,45.52],[82.31,45.56],[82.32,45.59],[82.35,45.67],[82.43,45.81],[82.51,46.01],[82.56,46.16],[82.69,46.39],[82.8,46.62],[82.97,46.97],[83.0,47.03],[83.02,47.14],[83.03,47.19],[83.09,47.21],[83.19,47.19],[83.44,47.11],[83.63,47.04],[83.71,47.02],[83.83,47.0],[84.02,46.97],[84.12,46.98],[84.22,46.99],[84.34,47.0],[84.53,46.98],[84.59,46.97],[84.67,46.97],[84.72,46.94],[84.75,46.86],[84.79,46.83],[84.86,46.84],[85.01,46.91],[85.11,46.96],[85.23,47.04],[85.36,47.05],[85.48,47.06],[85.53,47.1],[85.58,47.19],[85.66,47.25],[85.67,47.34],[85.64,47.4],[85.59,47.49],[85.59,47.56],[85.56,47.75],[85.53,47.92],[85.56,48.05],[85.63,48.2],[85.65,48.25],[85.69,48.31],[85.75,48.39],[85.83,48.41],[86.06,48.42],[86.27,48.45],[86.37,48.49],[86.48,48.51],[86.55,48.53],[86.66,48.64],[86.72,48.7],[86.76,48.86],[86.73,48.94],[86.75,49.01],[86.81,49.05],[86.89,49.09],[86.94,49.1],[87.05,49.11],[87.23,49.11],[87.32,49.09],[87.42,49.08],[87.48,49.09],[87.52,49.12],[87.58,49.13],[87.67,49.15],[87.76,49.17],[87.81,49.16],[87.83,49.12],[87.82,49.08],[87.83,49.03],[87.87,49.0],[87.86,48.97],[87.81,48.95],[87.75,48.92],[87.74,48.88],[87.81,48.84],[87.83,48.79],[87.94,48.77],[88.03,48.74],[88.06,48.71],[88.05,48.68],[88.01,48.64],[87.97,48.6],[87.97,48.58],[87.98,48.56],[88.06,48.54],[88.16,48.51],[88.31,48.47],[88.41,48.4],[88.52,48.38],[88.57,48.32],[88.58,48.22],[88.68,48.17],[88.84,48.1],[88.92,48.09],[88.97,48.05],[89.05,48.0],[89.12,47.99],[89.2,47.98],[89.33,48.02],[89.48,48.03],[89.56,48.0],[89.64,47.91],[89.69,47.88],[89.73,47.85],[89.78,47.83],[89.83,47.82],[89.91,47.84],[89.96,47.89],[90.03,47.88],[90.05,47.85],[90.07,47.8],[90.1,47.75],[90.19,47.7],[90.31,47.68],[90.33,47.66],[90.35,47.6],[90.38,47.56],[90.43,47.5],[90.47,47.41],[90.48,47.33],[90.5,47.29],[90.55,47.21],[90.64,47.1],[90.72,47.0],[90.8,46.99],[90.87,46.95],[90.91,46.88],[90.99,46.75],[91.0,46.66],[91.0,46.6],[91.03,46.57],[91.03,46.53],[90.97,46.39],[90.92,46.32],[90.91,46.27],[90.95,46.18],[91.0,46.1],[91.0,46.04],[90.96,45.99],[90.89,45.92],[90.85,45.89],[90.8,45.85],[90.71,45.73],[90.67,45.6],[90.66,45.53],[90.69,45.47],[90.75,45.42],[90.76,45.37],[90.85,45.26],[90.88,45.2],[90.91,45.19],[90.95,45.22],[91.05,45.22],[91.14,45.19],[91.22,45.14],[91.31,45.12],[91.44,45.12],[91.51,45.1],[91.58,45.08],[91.74,45.07],[91.85,45.07],[92.03,45.07],[92.17,45.04],[92.42,45.01],[92.58,45.01],[92.79,45.04],[92.92,45.02],[93.29,44.98],[93.52,44.94],[93.66,44.9],[93.76,44.83],[93.87,44.72],[93.96,44.67],[94.2,44.65],[94.36,44.52],[94.49,44.47],[94.71,44.35],[94.87,44.3],[95.05,44.26],[95.35,44.28],[95.37,44.26],[95.34,44.2],[95.33,44.1],[95.33,44.04],[95.36,44.01],[95.47,43.99],[95.53,43.95],[95.57,43.89],[95.59,43.85],[95.69,43.66],[95.84,43.38],[95.86,43.28],[95.91,43.21],[96.08,43.1],[96.17,43.01],[96.3,42.93],[96.34,42.85],[96.35,42.75],[96.37,42.73],[96.09,42.59],[96.04,42.5],[96.02,42.14],[96.04,42.0],[95.86,41.86],[95.77,41.83],[95.49,41.86],[95.06,41.79],[94.58,41.59],[94.01,41.1],[93.76,40.82],[93.67,40.68],[93.58,40.59],[93.29,40.47],[93.04,40.49],[92.93,40.42],[92.92,40.12],[92.78,39.91],[92.77,39.81],[92.95,39.45],[92.94,39.15],[92.33,39.05],[92.12,38.94],[91.88,38.88],[91.63,38.83],[91.49,38.82],[91.29,38.75],[91.01,38.7],[90.65,38.67],[90.64,38.62],[90.48,38.53],[90.31,38.47],[90.15,38.43],[90.19,38.33],[90.44,38.0],[90.41,37.85],[90.44,37.78],[90.83,37.61],[90.96,37.52],[91.07,37.49],[91.15,37.32],[91.23,37.2],[91.32,37.12],[91.29,37.01],[91.19,37.0],[91.05,36.95],[90.89,36.94],[90.81,36.91],[90.71,36.82],[90.69,36.7],[90.71,36.64],[90.81,36.56],[91.01,36.5],[91.06,36.31],[91.14,36.14],[91.11,36.07],[90.91,36.01],[90.83,36.01],[90.62,36.11],[90.29,36.12],[90.17,36.13],[90.01,36.25],[89.97,36.1],[89.87,36.07],[89.68,36.08],[89.22,36.26],[88.96,36.29],[88.83,36.37],[88.71,36.37],[88.52,36.41],[88.46,36.45],[88.0,36.43],[87.92,36.38],[87.57,36.33],[87.35,36.37],[87.19,36.3],[87.0,36.27],[86.79,36.26],[86.71,36.23],[86.46,36.22],[86.4,36.17],[86.21,36.12],[86.09,35.88],[85.93,35.76],[85.72,35.76],[85.62,35.68],[85.39,35.76],[85.26,35.73],[85.15,35.75],[84.92,35.69],[84.78,35.6],[84.56,35.56],[84.21,35.39],[84.13,35.38],[83.98,35.42],[83.87,35.37],[83.56,35.36],[83.45,35.39],[83.25,35.42],[83.1,35.41],[82.97,35.49],[82.98,35.6],[82.94,35.67],[82.78,35.68],[82.71,35.65],[82.43,35.69],[82.32,35.63],[82.29,35.54],[82.09,35.45],[82.0,35.32],[81.71,35.25],[81.55,35.25],[81.46,35.31],[81.36,35.33],[81.21,35.32],[81.06,35.39],[80.98,35.29],[80.86,35.35],[80.77,35.34],[80.66,35.38],[80.49,35.4],[80.32,35.51],[80.26,35.44],[80.18,35.25],[80.01,35.09],[80.05,35.02],[79.88,34.92],[79.96,34.68],[79.79,34.43],[79.72,34.41],[79.51,34.47],[79.34,34.43],[79.2,34.44],[78.95,34.34]]]}},{"type":"Feature","properties":{"country":"China","name":"Hainan","slug":"hainan","iso":"CN-HI"},"geometry":{"type":"Polygon","coordinates":[[[110.97,19.88],[111.0,19.76],[111.01,19.66],[110.91,19.59],[110.82,19.56],[110.64,19.29],[110.6,19.21],[110.57,19.17],[110.56,19.14],[110.57,19.1],[110.52,18.97],[110.48,18.81],[110.45,18.75],[110.4,18.7],[110.33,18.67],[110.29,18.67],[110.25,18.66],[110.16,18.57],[110.05,18.51],[110.07,18.48],[110.07,18.45],[110.02,18.42],[109.97,18.42],[109.82,18.4],[109.76,18.35],[109.7,18.26],[109.68,18.25],[109.59,18.23],[109.52,18.22],[109.4,18.28],[109.34,18.3],[109.18,18.33],[109.03,18.37],[108.92,18.42],[108.7,18.54],[108.68,18.75],[108.64,18.87],[108.64,18.91],[108.65,19.27],[108.67,19.3],[108.69,19.34],[108.79,19.42],[108.9,19.48],[109.06,19.61],[109.18,19.67],[109.28,19.76],[109.22,19.76],[109.18,19.77],[109.22,19.84],[109.26,19.88],[109.31,19.9],[109.42,19.89],[109.51,19.9],[109.58,19.97],[109.65,19.98],[109.91,19.96],[110.08,19.99],[110.17,20.05],[110.21,20.06],[110.34,20.04],[110.39,19.98],[110.39,20.02],[110.39,20.06],[110.42,20.05],[110.59,19.98],[110.59,20.07],[110.6,20.1],[110.65,20.14],[110.68,20.14],[110.74,20.06],[110.81,20.01],[110.89,19.99],[110.94,19.95],[110.97,19.88]]]}},{"type":"Feature","properties":{"country":"China","name":"Ningxia","slug":"ningxia","iso":"CN-NX"},"geometry":{"type":"Polygon","coordinates":[[[107.66,37.85],[107.61,37.77],[107.51,37.76],[107.44,37.66],[107.32,37.59],[107.32,37.53],[107.24,37.3],[107.32,37.16],[107.29,37.07],[107.19,37.12],[106.93,37.11],[106.79,37.19],[106.64,37.18],[106.63,37.0],[106.57,36.93],[106.65,36.83],[106.6,36.73],[106.5,36.71],[106.49,36.56],[106.44,36.51],[106.5,36.44],[106.5,36.27],[106.6,36.28],[106.74,36.21],[106.81,36.21],[106.94,36.08],[106.91,35.91],[106.84,35.88],[106.91,35.79],[106.77,35.71],[106.47,35.73],[106.43,35.7],[106.5,35.55],[106.46,35.33],[106.38,35.26],[106.31,35.27],[106.21,35.4],[106.11,35.42],[106.07,35.49],[105.94,35.52],[105.83,35.49],[105.69,35.66],[105.43,35.76],[105.32,35.93],[105.35,36.06],[105.44,36.11],[105.45,36.25],[105.39,36.38],[105.27,36.55],[105.22,36.69],[105.32,36.78],[105.18,36.97],[104.92,37.1],[104.86,37.22],[104.76,37.25],[104.71,37.22],[104.62,37.25],[104.72,37.34],[104.69,37.41],[104.46,37.44],[104.36,37.4],[104.43,37.5],[104.52,37.53],[104.65,37.51],[104.94,37.55],[105.08,37.66],[105.35,37.75],[105.53,37.72],[105.66,37.74],[105.79,37.81],[105.82,38.01],[105.76,38.14],[105.83,38.23],[105.84,38.57],[105.9,38.74],[106.06,38.98],[106.11,39.12],[106.28,39.16],[106.28,39.27],[106.35,39.29],[106.5,39.29],[106.61,39.36],[106.79,39.36],[106.81,39.2],[106.91,39.07],[106.98,39.04],[106.93,38.92],[106.7,38.64],[106.64,38.46],[106.47,38.29],[106.83,38.15],[107.06,38.11],[107.16,38.14],[107.32,38.07],[107.4,37.92],[107.66,37.85]]]}},{"type":"Feature","properties":{"country":"China","name":"Shaanxi","slug":"shaanxi","iso":"CN-SN"},"geometry":{"type":"Polygon","coordinates":[[[107.29,37.07],[107.32,37.16],[107.24,37.3],[107.32,37.53],[107.32,37.59],[107.44,37.66],[107.51,37.76],[107.61,37.77],[107.66,37.85],[107.88,37.8],[107.99,37.73],[108.04,37.63],[108.33,37.63],[108.5,37.67],[108.76,37.68],[108.79,37.94],[108.86,37.99],[108.95,37.93],[109.0,37.99],[109.03,38.11],[108.95,38.2],[108.99,38.34],[109.16,38.54],[109.31,38.62],[109.42,38.77],[109.54,38.79],[109.64,38.91],[109.67,39.01],[109.82,39.05],[109.96,39.18],[110.18,39.29],[110.11,39.43],[110.23,39.42],[110.34,39.32],[110.49,39.37],[110.6,39.27],[110.68,39.26],[110.85,39.47],[111.01,39.56],[111.14,39.56],[111.04,39.42],[111.11,39.39],[111.22,39.31],[111.12,39.07],[111.0,39.0],[110.98,38.82],[110.87,38.62],[110.9,38.55],[110.86,38.47],[110.77,38.43],[110.67,38.32],[110.58,38.29],[110.51,38.2],[110.52,37.95],[110.59,37.92],[110.65,37.81],[110.75,37.75],[110.79,37.56],[110.75,37.48],[110.63,37.4],[110.69,37.36],[110.67,37.28],[110.46,37.05],[110.39,37.02],[110.4,36.78],[110.48,36.59],[110.5,36.48],[110.46,36.35],[110.47,36.26],[110.45,36.14],[110.51,35.89],[110.56,35.85],[110.58,35.71],[110.62,35.6],[110.42,35.29],[110.34,35.2],[110.26,34.94],[110.24,34.8],[110.25,34.66],[110.34,34.62],[110.33,34.48],[110.37,34.4],[110.48,34.33],[110.43,34.26],[110.61,34.17],[110.59,34.07],[110.64,33.98],[110.59,33.88],[110.75,33.8],[110.79,33.71],[110.97,33.6],[111.01,33.5],[111.02,33.37],[110.97,33.27],[110.9,33.21],[110.82,33.2],[110.71,33.11],[110.6,33.15],[110.55,33.25],[110.43,33.17],[110.23,33.16],[110.09,33.21],[109.96,33.21],[109.88,33.24],[109.66,33.26],[109.52,33.24],[109.49,33.15],[109.76,33.08],[109.78,33.04],[109.74,32.93],[109.84,32.9],[109.9,32.91],[110.1,32.84],[110.15,32.73],[110.17,32.62],[110.07,32.62],[110.0,32.55],[109.88,32.59],[109.63,32.59],[109.58,32.54],[109.56,32.41],[109.49,32.34],[109.55,32.23],[109.62,32.19],[109.67,32.04],[109.61,31.93],[109.59,31.74],[109.34,31.71],[109.25,31.74],[109.19,31.84],[109.06,31.94],[108.79,32.05],[108.52,32.2],[108.48,32.25],[108.24,32.26],[108.05,32.23],[107.96,32.16],[107.84,32.23],[107.77,32.31],[107.66,32.39],[107.46,32.41],[107.45,32.52],[107.37,32.52],[107.28,32.45],[107.2,32.45],[107.07,32.52],[107.1,32.67],[107.07,32.71],[106.71,32.74],[106.6,32.68],[106.36,32.64],[106.23,32.59],[106.11,32.65],[106.06,32.71],[106.08,32.87],[105.88,32.84],[105.81,32.76],[105.72,32.76],[105.63,32.71],[105.57,32.73],[105.5,32.91],[105.64,32.89],[105.89,32.98],[105.91,33.03],[105.91,33.23],[105.75,33.29],[105.72,33.39],[105.79,33.41],[105.83,33.5],[105.95,33.55],[105.99,33.61],[106.07,33.62],[106.17,33.56],[106.39,33.62],[106.5,33.54],[106.56,33.6],[106.48,33.7],[106.45,33.8],[106.48,33.87],[106.43,33.94],[106.51,34.11],[106.59,34.14],[106.55,34.28],[106.66,34.25],[106.67,34.38],[106.61,34.46],[106.5,34.52],[106.37,34.52],[106.32,34.58],[106.49,34.74],[106.55,34.86],[106.5,34.93],[106.49,35.03],[106.56,35.08],[106.91,35.09],[107.05,35.04],[107.21,34.89],[107.32,34.94],[107.5,34.93],[107.57,34.97],[107.71,34.95],[107.83,34.98],[107.67,35.23],[107.74,35.32],[107.92,35.27],[107.98,35.22],[108.15,35.29],[108.28,35.26],[108.49,35.27],[108.62,35.39],[108.6,35.55],[108.51,35.7],[108.52,35.78],[108.49,35.88],[108.68,36.01],[108.7,36.13],[108.65,36.23],[108.7,36.36],[108.61,36.43],[108.44,36.46],[108.36,36.55],[108.04,36.6],[107.89,36.76],[107.7,36.83],[107.55,36.84],[107.5,36.89],[107.3,36.91],[107.29,37.07]]]}},{"type":"Feature","properties":{"country":"China","name":"Shanxi","slug":"shanxi","iso":"CN-SX"},"geometry":{"type":"Polygon","coordinates":[[[110.34,34.62],[110.25,34.66],[110.24,34.8],[110.26,34.94],[110.34,35.2],[110.42,35.29],[110.62,35.6],[110.58,35.71],[110.56,35.85],[110.51,35.89],[110.45,36.14],[110.47,36.26],[110.46,36.35],[110.5,36.48],[110.48,36.59],[110.4,36.78],[110.39,37.02],[110.46,37.05],[110.67,37.28],[110.69,37.36],[110.63,37.4],[110.75,37.48],[110.79,37.56],[110.75,37.75],[110.65,37.81],[110.59,37.92],[110.52,37.95],[110.51,38.2],[110.58,38.29],[110.67,38.32],[110.77,38.43],[110.86,38.47],[110.9,38.55],[110.87,38.62],[110.98,38.82],[111.0,39.0],[111.12,39.07],[111.22,39.31],[111.11,39.39],[111.2,39.43],[111.34,39.44],[111.42,39.52],[111.43,39.63],[111.49,39.65],[111.67,39.64],[111.76,39.6],[111.92,39.69],[112.1,40.01],[112.17,40.06],[112.28,40.23],[112.4,40.29],[112.6,40.24],[112.73,40.17],[112.84,40.23],[112.96,40.36],[113.09,40.4],[113.23,40.42],[113.33,40.32],[113.52,40.34],[113.68,40.43],[113.81,40.43],[114.04,40.49],[114.08,40.55],[114.03,40.64],[114.15,40.74],[114.15,40.67],[114.26,40.55],[114.29,40.38],[114.43,40.36],[114.45,40.29],[114.09,40.19],[114.0,40.13],[113.94,40.02],[114.09,39.92],[114.23,39.88],[114.38,39.86],[114.4,39.66],[114.54,39.53],[114.42,39.3],[114.39,39.17],[114.22,39.07],[114.09,39.07],[114.01,39.12],[113.85,39.07],[113.76,38.91],[113.83,38.81],[113.67,38.66],[113.61,38.64],[113.53,38.54],[113.52,38.38],[113.56,38.24],[113.79,38.15],[113.89,37.95],[113.99,37.84],[114.03,37.75],[114.1,37.7],[114.1,37.6],[114.05,37.5],[113.89,37.3],[113.86,37.21],[113.75,37.11],[113.78,36.89],[113.68,36.87],[113.61,36.77],[113.45,36.74],[113.46,36.64],[113.55,36.55],[113.54,36.48],[113.63,36.44],[113.72,36.36],[113.67,36.22],[113.69,36.06],[113.63,35.95],[113.58,35.69],[113.61,35.65],[113.49,35.53],[113.33,35.46],[113.13,35.35],[113.02,35.33],[112.9,35.24],[112.81,35.24],[112.68,35.31],[112.53,35.22],[112.33,35.22],[112.06,35.23],[112.06,35.11],[111.83,35.08],[111.62,34.95],[111.56,34.86],[111.39,34.82],[111.33,34.84],[111.03,34.75],[110.88,34.67],[110.77,34.66],[110.71,34.62],[110.53,34.58],[110.34,34.62]]]}},{"type":"Feature","properties":{"country":"China","name":"Hubei","slug":"hubei","iso":"CN-HB"},"geometry":{"type":"Polygon","coordinates":[[[113.9,29.07],[113.77,29.13],[113.71,29.07],[113.65,29.12],[113.64,29.22],[113.59,29.29],[113.73,29.44],[113.67,29.54],[113.63,29.68],[113.54,29.69],[113.52,29.84],[113.42,29.76],[113.19,29.53],[113.15,29.47],[113.01,29.52],[112.93,29.5],[112.91,29.6],[112.95,29.71],[112.89,29.79],[112.79,29.74],[112.65,29.63],[112.44,29.64],[112.36,29.57],[112.17,29.65],[112.13,29.71],[111.92,29.86],[111.77,29.92],[111.58,29.9],[111.41,29.93],[111.25,30.03],[110.94,30.06],[110.74,30.1],[110.72,30.03],[110.54,30.06],[110.46,30.01],[110.5,29.86],[110.59,29.77],[110.53,29.73],[110.45,29.73],[110.36,29.65],[110.23,29.74],[110.1,29.79],[109.78,29.73],[109.7,29.66],[109.47,29.57],[109.43,29.53],[109.34,29.29],[109.27,29.24],[109.21,29.1],[109.08,29.21],[109.01,29.31],[108.92,29.35],[108.87,29.5],[108.87,29.64],[108.7,29.7],[108.66,29.82],[108.61,29.86],[108.51,29.72],[108.45,29.74],[108.4,29.83],[108.54,29.89],[108.55,30.01],[108.53,30.11],[108.53,30.32],[108.38,30.4],[108.43,30.49],[108.57,30.5],[108.67,30.57],[108.71,30.52],[108.87,30.55],[108.96,30.61],[109.18,30.57],[109.25,30.6],[109.39,30.58],[109.64,30.72],[109.75,30.84],[109.87,30.89],[110.0,30.83],[110.07,30.83],[110.13,30.91],[110.14,31.0],[110.11,31.12],[110.17,31.19],[110.15,31.33],[110.11,31.4],[109.93,31.52],[109.73,31.56],[109.72,31.64],[109.66,31.72],[109.59,31.74],[109.61,31.93],[109.67,32.04],[109.62,32.19],[109.55,32.23],[109.49,32.34],[109.56,32.41],[109.58,32.54],[109.63,32.59],[109.88,32.59],[110.0,32.55],[110.07,32.62],[110.17,32.62],[110.15,32.73],[110.1,32.84],[109.9,32.91],[109.84,32.9],[109.74,32.93],[109.78,33.04],[109.76,33.08],[109.49,33.15],[109.52,33.24],[109.66,33.26],[109.88,33.24],[109.96,33.21],[110.09,33.21],[110.23,33.16],[110.43,33.17],[110.55,33.25],[110.6,33.15],[110.71,33.11],[110.82,33.2],[110.9,33.21],[110.97,33.27],[111.0,33.21],[111.11,33.15],[111.22,32.98],[111.21,32.93],[111.36,32.82],[111.51,32.68],[111.53,32.61],[111.63,32.63],[111.71,32.6],[111.78,32.52],[112.05,32.45],[112.14,32.39],[112.29,32.35],[112.53,32.38],[112.75,32.35],[113.07,32.42],[113.18,32.41],[113.44,32.29],[113.53,32.3],[113.62,32.39],[113.73,32.42],[113.78,32.36],[113.78,32.19],[113.75,32.14],[113.79,31.97],[113.86,31.86],[113.96,31.83],[113.97,31.75],[114.09,31.78],[114.14,31.85],[114.27,31.81],[114.36,31.73],[114.5,31.76],[114.56,31.74],[114.55,31.57],[114.64,31.57],[114.77,31.49],[115.0,31.48],[115.08,31.52],[115.13,31.59],[115.21,31.55],[115.22,31.45],[115.29,31.4],[115.37,31.42],[115.55,31.18],[115.67,31.22],[115.77,31.14],[115.88,31.13],[115.95,31.03],[116.04,30.99],[115.86,30.86],[115.86,30.78],[115.78,30.75],[115.77,30.69],[115.83,30.59],[115.95,30.49],[115.88,30.39],[115.91,30.32],[116.04,30.22],[116.08,30.05],[116.08,29.97],[116.13,29.9],[116.15,29.79],[116.0,29.74],[115.86,29.74],[115.71,29.86],[115.49,29.86],[115.42,29.71],[115.27,29.61],[114.97,29.56],[114.9,29.52],[114.82,29.39],[114.71,29.39],[114.47,29.32],[114.31,29.35],[114.24,29.31],[114.25,29.25],[114.06,29.2],[113.9,29.07]]]}},{"type":"Feature","properties":{"country":"China","name":"Hunan","slug":"hunan","iso":"CN-HN"},"geometry":{"type":"Polygon","coordinates":[[[109.21,29.1],[109.27,29.24],[109.34,29.29],[109.43,29.53],[109.47,29.57],[109.7,29.66],[109.78,29.73],[110.1,29.79],[110.23,29.74],[110.36,29.65],[110.45,29.73],[110.53,29.73],[110.59,29.77],[110.5,29.86],[110.46,30.01],[110.54,30.06],[110.72,30.03],[110.74,30.1],[110.94,30.06],[111.25,30.03],[111.41,29.93],[111.58,29.9],[111.77,29.92],[111.92,29.86],[112.13,29.71],[112.17,29.65],[112.36,29.57],[112.44,29.64],[112.65,29.63],[112.79,29.74],[112.89,29.79],[112.95,29.71],[112.91,29.6],[112.93,29.5],[113.01,29.52],[113.15,29.47],[113.19,29.53],[113.42,29.76],[113.52,29.84],[113.54,29.69],[113.63,29.68],[113.67,29.54],[113.73,29.44],[113.59,29.29],[113.64,29.22],[113.65,29.12],[113.71,29.07],[113.77,29.13],[113.9,29.07],[113.91,28.96],[114.01,28.91],[114.14,28.79],[114.11,28.62],[114.06,28.56],[114.18,28.51],[114.23,28.41],[114.18,28.29],[114.09,28.26],[114.03,28.18],[114.01,28.11],[113.92,28.02],[113.74,27.98],[113.71,27.94],[113.7,27.82],[113.61,27.7],[113.56,27.59],[113.6,27.37],[113.67,27.33],[113.78,27.37],[113.85,27.35],[113.82,27.23],[113.75,27.14],[113.89,26.95],[113.83,26.83],[113.86,26.66],[114.09,26.58],[114.07,26.45],[114.01,26.39],[114.0,26.28],[113.94,26.21],[114.06,26.18],[114.16,26.22],[114.21,26.17],[114.04,26.07],[114.02,25.93],[113.91,25.75],[113.92,25.66],[113.98,25.58],[113.93,25.45],[113.83,25.36],[113.71,25.36],[113.58,25.33],[113.52,25.39],[113.42,25.38],[113.22,25.51],[113.09,25.41],[112.92,25.32],[112.89,25.24],[112.97,25.18],[112.96,25.06],[112.99,24.96],[112.81,24.94],[112.71,25.0],[112.66,25.11],[112.46,25.16],[112.21,25.2],[112.18,25.15],[112.12,24.95],[112.16,24.91],[112.14,24.79],[112.07,24.8],[112.0,24.74],[111.93,24.77],[111.8,24.76],[111.67,24.78],[111.62,24.71],[111.52,24.64],[111.43,24.68],[111.47,24.79],[111.43,24.94],[111.46,25.02],[111.43,25.11],[111.27,25.15],[111.13,25.04],[111.08,24.94],[111.01,24.94],[110.95,25.03],[110.99,25.15],[111.11,25.24],[111.16,25.36],[111.25,25.4],[111.32,25.5],[111.3,25.64],[111.32,25.73],[111.41,25.8],[111.41,25.91],[111.26,25.87],[111.2,25.93],[111.26,26.21],[111.25,26.28],[111.12,26.31],[110.94,26.38],[110.88,26.28],[110.72,26.27],[110.69,26.33],[110.58,26.35],[110.54,26.22],[110.48,26.17],[110.34,26.11],[110.25,25.98],[110.14,26.05],[110.03,26.04],[110.06,26.15],[109.91,26.18],[109.84,26.05],[109.78,26.02],[109.77,25.91],[109.68,25.89],[109.67,25.99],[109.6,26.05],[109.46,26.04],[109.43,26.1],[109.4,26.27],[109.3,26.31],[109.32,26.43],[109.4,26.54],[109.38,26.65],[109.29,26.73],[109.4,26.75],[109.51,26.82],[109.44,26.9],[109.51,26.98],[109.5,27.06],[109.44,27.13],[109.23,27.15],[109.16,27.08],[109.1,27.13],[109.01,27.09],[108.95,27.03],[108.87,27.02],[108.79,27.08],[108.9,27.15],[108.9,27.19],[109.01,27.26],[109.21,27.44],[109.28,27.44],[109.32,27.5],[109.42,27.56],[109.45,27.65],[109.41,27.74],[109.33,27.81],[109.31,27.97],[109.36,28.03],[109.3,28.09],[109.35,28.27],[109.26,28.32],[109.26,28.51],[109.28,28.57],[109.21,28.63],[109.28,28.73],[109.25,28.79],[109.25,28.93],[109.27,29.05],[109.21,29.1]]]}},{"type":"Feature","properties":{"country":"China","name":"Sichuan","slug":"sichuan","iso":"CN-SC"},"geometry":{"type":"Polygon","coordinates":[[[105.5,32.91],[105.57,32.73],[105.63,32.71],[105.72,32.76],[105.81,32.76],[105.88,32.84],[106.08,32.87],[106.06,32.71],[106.11,32.65],[106.23,32.59],[106.36,32.64],[106.6,32.68],[106.71,32.74],[107.07,32.71],[107.1,32.67],[107.07,32.52],[107.2,32.45],[107.28,32.45],[107.37,32.52],[107.45,32.52],[107.46,32.41],[107.66,32.39],[107.77,32.31],[107.84,32.23],[107.96,32.16],[108.05,32.23],[108.24,32.26],[108.48,32.25],[108.52,32.2],[108.39,32.18],[108.42,32.1],[108.34,32.07],[108.27,31.97],[108.29,31.92],[108.5,31.79],[108.52,31.71],[108.41,31.57],[108.32,31.5],[108.22,31.47],[108.19,31.33],[108.03,31.22],[108.01,31.04],[107.93,30.95],[107.93,30.87],[107.85,30.81],[107.77,30.83],[107.74,30.88],[107.62,30.84],[107.51,30.82],[107.46,30.76],[107.48,30.61],[107.37,30.5],[107.23,30.24],[107.03,30.06],[106.77,30.04],[106.72,30.06],[106.62,30.27],[106.53,30.34],[106.45,30.32],[106.38,30.26],[106.24,30.22],[106.12,30.34],[106.0,30.39],[105.79,30.42],[105.71,30.27],[105.56,30.15],[105.74,30.03],[105.71,29.87],[105.56,29.8],[105.55,29.75],[105.41,29.7],[105.29,29.58],[105.31,29.47],[105.41,29.43],[105.42,29.33],[105.51,29.29],[105.64,29.27],[105.7,29.22],[105.75,28.99],[105.8,28.94],[105.88,28.92],[106.01,28.97],[106.26,28.87],[106.26,28.79],[106.3,28.67],[106.38,28.57],[106.34,28.48],[106.27,28.56],[106.19,28.58],[105.98,28.75],[105.89,28.61],[105.68,28.58],[105.62,28.48],[105.66,28.44],[105.67,28.32],[105.85,28.27],[105.91,28.15],[106.01,28.14],[106.11,28.17],[106.2,28.12],[106.22,28.06],[106.3,28.0],[106.35,27.83],[106.25,27.78],[106.1,27.79],[106.04,27.76],[105.88,27.75],[105.65,27.68],[105.52,27.77],[105.36,27.76],[105.3,27.72],[105.23,27.86],[105.28,28.0],[105.2,28.0],[105.17,28.06],[105.06,28.09],[104.97,28.05],[104.96,27.96],[104.9,27.9],[104.7,27.88],[104.6,27.85],[104.48,27.89],[104.38,27.96],[104.33,28.05],[104.44,28.1],[104.38,28.28],[104.27,28.33],[104.25,28.53],[104.44,28.61],[104.41,28.64],[104.06,28.63],[103.84,28.6],[103.8,28.53],[103.88,28.33],[103.71,28.22],[103.67,28.26],[103.57,28.24],[103.46,28.13],[103.43,28.07],[103.51,27.97],[103.51,27.86],[103.41,27.74],[103.22,27.57],[103.12,27.41],[102.98,27.39],[102.89,27.29],[102.91,27.11],[102.88,27.03],[102.9,26.92],[102.98,26.83],[103.06,26.56],[103.0,26.49],[103.0,26.4],[102.95,26.35],[102.88,26.37],[102.72,26.24],[102.61,26.26],[102.63,26.35],[102.57,26.38],[102.4,26.31],[102.36,26.26],[102.25,26.23],[102.11,26.08],[101.92,26.1],[101.85,26.03],[101.78,26.11],[101.76,26.18],[101.68,26.23],[101.59,26.21],[101.58,26.31],[101.64,26.35],[101.54,26.49],[101.41,26.57],[101.49,26.71],[101.5,26.77],[101.37,26.77],[101.34,26.87],[101.14,27.04],[101.17,27.19],[101.0,27.2],[100.99,27.33],[100.94,27.43],[100.87,27.49],[100.87,27.56],[100.66,27.88],[100.63,27.9],[100.53,27.82],[100.41,27.83],[100.35,27.75],[100.3,27.85],[100.2,27.9],[100.06,28.07],[100.05,28.19],[100.16,28.24],[100.14,28.34],[100.0,28.46],[99.93,28.57],[99.85,28.6],[99.83,28.67],[99.73,28.75],[99.7,28.84],[99.63,28.81],[99.53,28.68],[99.5,28.58],[99.39,28.54],[99.39,28.33],[99.42,28.25],[99.38,28.18],[99.27,28.28],[99.16,28.44],[99.17,28.6],[99.12,28.71],[99.1,28.86],[99.12,28.96],[99.11,29.22],[99.06,29.31],[99.04,29.56],[98.99,29.65],[99.01,29.82],[99.06,29.92],[99.03,30.06],[98.99,30.14],[98.96,30.46],[98.93,30.49],[98.91,30.66],[98.95,30.75],[98.78,30.9],[98.8,30.99],[98.62,31.19],[98.61,31.26],[98.68,31.32],[98.77,31.23],[98.88,31.35],[98.59,31.6],[98.56,31.68],[98.45,31.8],[98.42,31.88],[98.45,31.98],[98.31,32.13],[98.22,32.25],[98.21,32.36],[98.08,32.4],[98.01,32.46],[97.72,32.54],[97.66,32.56],[97.43,32.7],[97.38,32.78],[97.36,32.9],[97.47,32.98],[97.5,33.05],[97.48,33.12],[97.5,33.19],[97.62,33.33],[97.72,33.41],[97.54,33.45],[97.48,33.56],[97.39,33.61],[97.38,33.87],[97.61,33.93],[97.7,34.01],[97.75,33.86],[97.82,33.86],[98.03,33.96],[98.21,33.94],[98.3,33.85],[98.46,33.84],[98.65,33.68],[98.63,33.61],[98.74,33.49],[98.77,33.3],[98.85,33.17],[99.1,33.07],[99.23,33.0],[99.29,32.89],[99.51,32.84],[99.7,32.74],[99.73,32.76],[99.77,32.92],[99.84,32.96],[100.05,32.94],[100.14,32.85],[100.16,32.78],[100.12,32.67],[100.22,32.64],[100.25,32.73],[100.4,32.76],[100.5,32.67],[100.56,32.56],[100.47,32.49],[100.53,32.4],[100.6,32.45],[100.64,32.59],[100.7,32.69],[100.9,32.63],[101.05,32.68],[101.17,32.69],[101.24,32.81],[101.23,32.86],[101.13,32.94],[101.16,33.13],[101.22,33.17],[101.45,33.24],[101.64,33.13],[101.73,33.27],[101.67,33.32],[101.69,33.42],[101.78,33.53],[101.88,33.55],[101.92,33.41],[101.83,33.27],[101.86,33.12],[102.0,33.22],[102.1,33.22],[102.13,33.28],[102.28,33.38],[102.48,33.47],[102.48,33.54],[102.36,33.61],[102.34,33.73],[102.17,33.94],[102.32,33.99],[102.37,33.98],[102.44,34.06],[102.62,34.08],[102.6,34.17],[102.78,34.27],[102.93,34.3],[103.0,34.21],[103.12,34.17],[103.15,34.11],[103.14,33.96],[103.19,33.88],[103.18,33.82],[103.27,33.77],[103.35,33.76],[103.56,33.81],[103.52,33.71],[103.66,33.71],[103.75,33.68],[103.92,33.68],[104.09,33.67],[104.16,33.62],[104.17,33.49],[104.29,33.36],[104.28,33.27],[104.33,33.14],[104.41,33.06],[104.38,32.96],[104.32,32.95],[104.29,32.85],[104.41,32.81],[104.56,32.69],[104.65,32.66],[104.84,32.64],[104.9,32.61],[105.03,32.64],[105.15,32.61],[105.27,32.64],[105.44,32.77],[105.39,32.82],[105.43,32.91],[105.5,32.91]]]}},{"type":"Feature","properties":{"country":"China","name":"Yunnan","slug":"yunnan","iso":"CN-YN"},"geometry":{"type":"Polygon","coordinates":[[[98.1,28.14],[98.23,28.2],[98.3,28.35],[98.41,28.25],[98.49,28.25],[98.58,28.32],[98.64,28.42],[98.59,28.67],[98.68,28.76],[98.64,28.88],[98.66,28.97],[98.79,29.0],[98.82,28.89],[98.87,28.81],[98.95,28.84],[98.91,28.91],[98.93,28.99],[99.01,29.07],[98.99,29.2],[99.11,29.22],[99.12,28.96],[99.1,28.86],[99.12,28.71],[99.17,28.6],[99.16,28.44],[99.27,28.28],[99.38,28.18],[99.42,28.25],[99.39,28.33],[99.39,28.54],[99.5,28.58],[99.53,28.68],[99.63,28.81],[99.7,28.84],[99.73,28.75],[99.83,28.67],[99.85,28.6],[99.93,28.57],[100.0,28.46],[100.14,28.34],[100.16,28.24],[100.05,28.19],[100.06,28.07],[100.2,27.9],[100.3,27.85],[100.35,27.75],[100.41,27.83],[100.53,27.82],[100.63,27.9],[100.66,27.88],[100.87,27.56],[100.87,27.49],[100.94,27.43],[100.99,27.33],[101.0,27.2],[101.17,27.19],[101.14,27.04],[101.34,26.87],[101.37,26.77],[101.5,26.77],[101.49,26.71],[101.41,26.57],[101.54,26.49],[101.64,26.35],[101.58,26.31],[101.59,26.21],[101.68,26.23],[101.76,26.18],[101.78,26.11],[101.85,26.03],[101.92,26.1],[102.11,26.08],[102.25,26.23],[102.36,26.26],[102.4,26.31],[102.57,26.38],[102.63,26.35],[102.61,26.26],[102.72,26.24],[102.88,26.37],[102.95,26.35],[103.0,26.4],[103.0,26.49],[103.06,26.56],[102.98,26.83],[102.9,26.92],[102.88,27.03],[102.91,27.11],[102.89,27.29],[102.98,27.39],[103.12,27.41],[103.22,27.57],[103.41,27.74],[103.51,27.86],[103.51,27.97],[103.43,28.07],[103.46,28.13],[103.57,28.24],[103.67,28.26],[103.71,28.22],[103.88,28.33],[103.8,28.53],[103.84,28.6],[104.06,28.63],[104.41,28.64],[104.44,28.61],[104.25,28.53],[104.27,28.33],[104.38,28.28],[104.44,28.1],[104.33,28.05],[104.38,27.96],[104.48,27.89],[104.6,27.85],[104.7,27.88],[104.9,27.9],[104.96,27.96],[104.97,28.05],[105.06,28.09],[105.17,28.06],[105.2,28.0],[105.28,28.0],[105.23,27.86],[105.3,27.72],[105.2,27.4],[105.08,27.41],[104.87,27.31],[104.78,27.33],[104.59,27.31],[104.44,27.35],[104.34,27.44],[104.17,27.27],[103.98,27.4],[103.91,27.39],[103.86,27.32],[103.7,27.15],[103.6,27.08],[103.7,27.05],[103.78,26.96],[103.78,26.88],[103.72,26.8],[103.78,26.73],[103.76,26.63],[103.83,26.55],[104.02,26.51],[104.15,26.65],[104.22,26.63],[104.36,26.65],[104.43,26.71],[104.47,26.61],[104.56,26.58],[104.63,26.5],[104.68,26.38],[104.55,26.27],[104.5,26.15],[104.5,26.03],[104.39,25.95],[104.42,25.86],[104.31,25.66],[104.42,25.58],[104.43,25.51],[104.55,25.48],[104.57,25.38],[104.67,25.3],[104.72,25.21],[104.69,25.1],[104.71,25.02],[104.55,24.81],[104.54,24.74],[104.49,24.7],[104.5,24.58],[104.6,24.4],[104.67,24.34],[104.73,24.36],[104.75,24.47],[104.96,24.42],[105.06,24.43],[105.18,24.31],[105.17,24.17],[105.25,24.09],[105.32,24.12],[105.45,24.04],[105.53,24.13],[105.61,24.14],[105.64,24.08],[105.79,24.02],[105.87,24.02],[105.97,24.09],[106.16,23.97],[106.19,23.87],[106.13,23.8],[106.15,23.75],[106.13,23.54],[105.98,23.47],[105.85,23.52],[105.7,23.36],[105.63,23.35],[105.62,23.28],[105.51,23.15],[105.49,23.18],[105.44,23.24],[105.35,23.31],[105.28,23.35],[105.24,23.32],[105.19,23.28],[105.0,23.19],[104.91,23.16],[104.86,23.14],[104.83,23.1],[104.81,23.01],[104.8,22.91],[104.74,22.86],[104.69,22.82],[104.63,22.82],[104.58,22.82],[104.53,22.8],[104.37,22.7],[104.3,22.71],[104.24,22.77],[104.21,22.81],[104.14,22.8],[104.05,22.75],[104.01,22.67],[103.99,22.59],[103.97,22.55],[103.94,22.54],[103.92,22.54],[103.64,22.77],[103.62,22.78],[103.57,22.73],[103.53,22.61],[103.49,22.59],[103.47,22.6],[103.36,22.75],[103.33,22.77],[103.3,22.76],[103.27,22.71],[103.19,22.64],[103.14,22.59],[103.14,22.54],[103.08,22.5],[103.01,22.45],[102.98,22.45],[102.94,22.47],[102.87,22.53],[102.83,22.59],[102.72,22.65],[102.6,22.7],[102.52,22.74],[102.47,22.75],[102.43,22.73],[102.41,22.71],[102.38,22.65],[102.3,22.55],[102.24,22.47],[102.18,22.41],[102.13,22.38],[102.09,22.41],[102.02,22.44],[101.95,22.44],[101.84,22.39],[101.76,22.49],[101.74,22.5],[101.71,22.49],[101.67,22.46],[101.65,22.41],[101.62,22.33],[101.57,22.28],[101.52,22.25],[101.54,22.21],[101.56,22.16],[101.56,22.12],[101.58,22.06],[101.6,21.99],[101.7,21.88],[101.74,21.83],[101.74,21.78],[101.75,21.61],[101.74,21.53],[101.72,21.4],[101.72,21.31],[101.76,21.28],[101.8,21.24],[101.8,21.21],[101.78,21.2],[101.73,21.16],[101.7,21.15],[101.67,21.17],[101.62,21.18],[101.58,21.2],[101.54,21.23],[101.44,21.23],[101.28,21.18],[101.25,21.2],[101.22,21.22],[101.21,21.28],[101.22,21.34],[101.21,21.38],[101.18,21.41],[101.2,21.52],[101.14,21.57],[101.15,21.58],[101.13,21.71],[101.13,21.74],[101.12,21.75],[101.08,21.76],[101.02,21.74],[100.84,21.66],[100.68,21.5],[100.6,21.47],[100.53,21.46],[100.45,21.48],[100.35,21.5],[100.21,21.46],[100.15,21.48],[100.12,21.51],[100.09,21.56],[100.11,21.62],[100.1,21.66],[100.04,21.68],[99.98,21.7],[99.94,21.76],[99.93,21.82],[99.94,21.9],[99.95,21.99],[99.92,22.03],[99.83,22.05],[99.59,22.09],[99.39,22.11],[99.3,22.1],[99.23,22.11],[99.19,22.13],[99.17,22.15],[99.17,22.19],[99.21,22.28],[99.24,22.37],[99.34,22.5],[99.34,22.59],[99.34,22.69],[99.39,22.83],[99.47,22.93],[99.51,22.96],[99.5,23.0],[99.46,23.05],[99.42,23.07],[99.34,23.1],[99.22,23.1],[99.06,23.13],[98.86,23.19],[98.89,23.31],[98.88,23.38],[98.86,23.44],[98.82,23.48],[98.8,23.52],[98.83,23.62],[98.79,23.74],[98.74,23.78],[98.68,23.84],[98.68,23.91],[98.7,23.96],[98.83,24.09],[98.84,24.12],[98.8,24.12],[98.76,24.12],[98.58,24.07],[98.56,24.1],[98.5,24.12],[98.37,24.12],[98.21,24.11],[98.02,24.07],[97.84,23.99],[97.76,23.93],[97.69,23.9],[97.63,23.89],[97.56,23.91],[97.57,23.99],[97.69,24.13],[97.71,24.23],[97.67,24.31],[97.67,24.38],[97.62,24.42],[97.56,24.44],[97.53,24.49],[97.53,24.63],[97.58,24.77],[97.67,24.82],[97.72,24.84],[97.74,24.87],[97.71,24.97],[97.71,25.03],[97.77,25.16],[97.82,25.25],[97.92,25.24],[97.96,25.26],[98.01,25.29],[98.06,25.35],[98.1,25.42],[98.14,25.57],[98.17,25.59],[98.3,25.57],[98.33,25.59],[98.4,25.68],[98.47,25.79],[98.56,25.82],[98.63,25.83],[98.66,25.86],[98.65,25.92],[98.59,26.0],[98.56,26.07],[98.57,26.11],[98.66,26.14],[98.69,26.19],[98.67,26.3],[98.71,26.43],[98.73,26.58],[98.74,26.7],[98.74,26.79],[98.73,26.88],[98.72,27.04],[98.67,27.19],[98.68,27.25],[98.68,27.42],[98.65,27.57],[98.6,27.6],[98.5,27.65],[98.45,27.66],[98.41,27.64],[98.39,27.59],[98.35,27.54],[98.3,27.55],[98.27,27.6],[98.24,27.66],[98.13,27.97],[98.12,28.06],[98.1,28.14]]]}},{"type":"Feature","properties":{"country":"China","name":"Hebei","slug":"hebei","iso":"CN-HE"},"geometry":{"type":"MultiPolygon","coordinates":[[[[116.88,39.69],[116.92,39.77],[116.78,39.89],[116.74,39.96],[116.83,40.04],[116.99,40.03],[117.24,40.09],[117.15,39.95],[117.2,39.76],[117.15,39.62],[116.88,39.69]]],[[[117.56,38.63],[117.66,38.42],[117.77,38.31],[117.84,38.27],[117.78,38.16],[117.69,38.07],[117.57,38.05],[117.42,37.85],[116.84,37.83],[116.74,37.8],[116.61,37.64],[116.41,37.48],[116.35,37.62],[116.22,37.46],[116.26,37.39],[116.12,37.37],[115.98,37.32],[115.91,37.21],[115.85,37.06],[115.77,36.95],[115.63,36.79],[115.48,36.75],[115.34,36.6],[115.28,36.47],[115.34,36.35],[115.45,36.25],[115.46,36.16],[115.35,36.08],[115.25,36.16],[115.11,36.18],[115.03,36.1],[114.93,36.06],[114.89,36.12],[114.71,36.15],[114.55,36.14],[114.34,36.24],[114.16,36.25],[114.06,36.28],[113.99,36.36],[113.81,36.34],[113.72,36.36],[113.63,36.44],[113.54,36.48],[113.55,36.55],[113.46,36.64],[113.45,36.74],[113.61,36.77],[113.68,36.87],[113.78,36.89],[113.75,37.11],[113.86,37.21],[113.89,37.3],[114.05,37.5],[114.1,37.6],[114.1,37.7],[114.03,37.75],[113.99,37.84],[113.89,37.95],[113.79,38.15],[113.56,38.24],[113.52,38.38],[113.53,38.54],[113.61,38.64],[113.67,38.66],[113.83,38.81],[113.76,38.91],[113.85,39.07],[114.01,39.12],[114.09,39.07],[114.22,39.07],[114.39,39.17],[114.42,39.3],[114.54,39.53],[114.4,39.66],[114.38,39.86],[114.23,39.88],[114.09,39.92],[113.94,40.02],[114.0,40.13],[114.09,40.19],[114.45,40.29],[114.43,40.36],[114.29,40.38],[114.26,40.55],[114.15,40.67],[114.15,40.74],[114.06,40.81],[114.02,40.92],[113.91,41.03],[113.88,41.1],[113.96,41.15],[113.98,41.24],[113.91,41.29],[113.93,41.42],[114.03,41.53],[114.2,41.59],[114.21,41.77],[114.26,41.86],[114.42,41.96],[114.48,42.08],[114.6,42.14],[114.75,42.14],[114.8,42.18],[114.92,41.94],[114.93,41.84],[114.88,41.81],[114.89,41.61],[115.1,41.62],[115.23,41.59],[115.35,41.62],[115.34,41.72],[115.53,41.77],[115.86,41.93],[115.94,41.93],[116.04,41.8],[116.13,41.87],[116.21,41.88],[116.38,42.01],[116.47,41.95],[116.6,41.92],[116.86,42.02],[116.88,42.22],[116.83,42.31],[116.89,42.4],[117.06,42.46],[117.24,42.48],[117.41,42.46],[117.45,42.55],[117.59,42.55],[117.74,42.59],[117.8,42.57],[118.02,42.38],[118.04,42.29],[117.99,42.22],[118.09,42.18],[118.13,42.02],[118.27,42.07],[118.32,41.86],[118.28,41.75],[118.16,41.72],[118.24,41.59],[118.31,41.57],[118.37,41.31],[118.48,41.36],[118.73,41.35],[119.15,41.31],[119.23,41.27],[119.16,41.18],[119.05,41.09],[118.96,41.07],[118.85,40.82],[119.07,40.65],[119.19,40.7],[119.19,40.62],[119.29,40.53],[119.56,40.54],[119.6,40.48],[119.58,40.37],[119.63,40.21],[119.74,40.21],[119.74,40.1],[119.85,39.99],[119.59,39.9],[119.39,39.75],[119.32,39.66],[119.26,39.56],[119.22,39.41],[119.04,39.22],[118.98,39.18],[118.91,39.17],[118.83,39.17],[118.75,39.16],[118.63,39.18],[118.47,39.12],[118.3,39.07],[118.15,39.2],[118.04,39.23],[118.01,39.22],[118.01,39.34],[117.9,39.4],[117.89,39.56],[117.63,39.58],[117.62,39.67],[117.53,39.75],[117.5,39.99],[117.77,39.96],[117.75,40.06],[117.45,40.23],[117.36,40.26],[117.25,40.34],[117.24,40.45],[117.18,40.5],[117.24,40.57],[117.41,40.6],[117.43,40.67],[117.3,40.66],[117.2,40.69],[117.06,40.68],[116.91,40.75],[116.68,40.94],[116.65,41.03],[116.44,40.9],[116.46,40.79],[116.29,40.74],[116.21,40.75],[116.13,40.66],[115.99,40.6],[115.87,40.61],[115.73,40.54],[115.95,40.29],[115.82,40.15],[115.58,40.1],[115.43,39.96],[115.5,39.92],[115.51,39.84],[115.44,39.75],[115.46,39.64],[115.62,39.6],[115.76,39.51],[115.95,39.58],[116.0,39.56],[116.21,39.57],[116.25,39.51],[116.39,39.44],[116.43,39.52],[116.6,39.61],[116.79,39.6],[116.79,39.49],[116.85,39.34],[116.83,39.22],[116.89,39.1],[116.71,39.01],[116.68,38.92],[116.71,38.82],[116.88,38.7],[117.02,38.71],[117.09,38.61],[117.19,38.61],[117.27,38.56],[117.56,38.63]]]]}},{"type":"Feature","properties":{"country":"China","name":"Henan","slug":"henan","iso":"CN-HA"},"geometry":{"type":"Polygon","coordinates":[[[115.37,31.42],[115.29,31.4],[115.22,31.45],[115.21,31.55],[115.13,31.59],[115.08,31.52],[115.0,31.48],[114.77,31.49],[114.64,31.57],[114.55,31.57],[114.56,31.74],[114.5,31.76],[114.36,31.73],[114.27,31.81],[114.14,31.85],[114.09,31.78],[113.97,31.75],[113.96,31.83],[113.86,31.86],[113.79,31.97],[113.75,32.14],[113.78,32.19],[113.78,32.36],[113.73,32.42],[113.62,32.39],[113.53,32.3],[113.44,32.29],[113.18,32.41],[113.07,32.42],[112.75,32.35],[112.53,32.38],[112.29,32.35],[112.14,32.39],[112.05,32.45],[111.78,32.52],[111.71,32.6],[111.63,32.63],[111.53,32.61],[111.51,32.68],[111.36,32.82],[111.21,32.93],[111.22,32.98],[111.11,33.15],[111.0,33.21],[110.97,33.27],[111.02,33.37],[111.01,33.5],[110.97,33.6],[110.79,33.71],[110.75,33.8],[110.59,33.88],[110.64,33.98],[110.59,34.07],[110.61,34.17],[110.43,34.26],[110.48,34.33],[110.37,34.4],[110.33,34.48],[110.34,34.62],[110.53,34.58],[110.71,34.62],[110.77,34.66],[110.88,34.67],[111.03,34.75],[111.33,34.84],[111.39,34.82],[111.56,34.86],[111.62,34.95],[111.83,35.08],[112.06,35.11],[112.06,35.23],[112.33,35.22],[112.53,35.22],[112.68,35.31],[112.81,35.24],[112.9,35.24],[113.02,35.33],[113.13,35.35],[113.33,35.46],[113.49,35.53],[113.61,35.65],[113.58,35.69],[113.63,35.95],[113.69,36.06],[113.67,36.22],[113.72,36.36],[113.81,36.34],[113.99,36.36],[114.06,36.28],[114.16,36.25],[114.34,36.24],[114.55,36.14],[114.71,36.15],[114.89,36.12],[114.93,36.06],[115.03,36.1],[115.11,36.18],[115.25,36.16],[115.35,36.08],[115.46,36.16],[115.42,35.99],[115.33,35.93],[115.32,35.79],[115.42,35.82],[115.47,35.91],[115.53,35.91],[115.74,35.97],[115.83,36.03],[115.93,36.02],[116.08,36.1],[116.03,35.97],[115.97,35.99],[115.86,35.93],[115.87,35.87],[115.76,35.85],[115.65,35.75],[115.5,35.72],[115.4,35.62],[115.35,35.5],[115.23,35.42],[115.07,35.38],[114.94,35.22],[114.86,35.19],[114.83,35.02],[115.0,35.01],[115.17,34.94],[115.22,34.84],[115.32,34.84],[115.43,34.78],[115.44,34.68],[115.54,34.58],[115.65,34.57],[115.71,34.6],[115.82,34.57],[116.04,34.6],[116.15,34.57],[116.16,34.45],[116.4,34.28],[116.55,34.29],[116.58,34.19],[116.54,34.12],[116.64,33.95],[116.45,33.85],[116.42,33.79],[116.18,33.72],[116.08,33.78],[115.97,33.9],[115.96,34.0],[115.84,34.01],[115.73,34.07],[115.65,34.05],[115.59,33.98],[115.56,33.9],[115.63,33.84],[115.57,33.75],[115.63,33.59],[115.44,33.55],[115.35,33.45],[115.32,33.37],[115.35,33.25],[115.25,33.12],[115.14,33.08],[114.97,33.12],[114.89,33.08],[114.88,32.99],[114.93,32.96],[115.18,32.86],[115.2,32.59],[115.37,32.56],[115.46,32.51],[115.56,32.4],[115.65,32.4],[115.69,32.49],[115.79,32.47],[115.89,32.39],[115.91,32.25],[115.93,32.02],[115.9,31.79],[115.66,31.78],[115.53,31.74],[115.39,31.51],[115.37,31.42]]]}},{"type":"Feature","properties":{"country":"China","name":"Liaoning","slug":"liaoning","iso":"CN-LN"},"geometry":{"type":"Polygon","coordinates":[[[125.71,40.85],[125.69,40.84],[125.66,40.8],[125.65,40.78],[125.59,40.78],[125.54,40.74],[125.42,40.66],[125.31,40.64],[125.19,40.59],[125.07,40.55],[125.03,40.52],[125.01,40.5],[125.0,40.46],[124.94,40.46],[124.89,40.46],[124.77,40.38],[124.71,40.32],[124.48,40.18],[124.39,40.1],[124.36,40.0],[124.35,40.01],[124.27,39.92],[124.11,39.84],[123.76,39.82],[123.65,39.88],[123.61,39.84],[123.58,39.79],[123.49,39.77],[123.35,39.76],[123.27,39.73],[123.23,39.69],[123.03,39.67],[122.96,39.62],[122.84,39.6],[122.33,39.37],[122.22,39.27],[122.12,39.15],[122.05,39.09],[121.98,39.05],[121.92,39.04],[121.86,39.0],[121.81,38.99],[121.74,39.01],[121.68,39.0],[121.63,38.95],[121.67,38.89],[121.65,38.87],[121.52,38.83],[121.32,38.81],[121.24,38.77],[121.21,38.74],[121.16,38.73],[121.12,38.81],[121.11,38.92],[121.19,38.95],[121.26,38.96],[121.68,39.11],[121.63,39.22],[121.66,39.27],[121.76,39.35],[121.82,39.39],[121.79,39.4],[121.51,39.37],[121.36,39.38],[121.28,39.38],[121.3,39.45],[121.29,39.52],[121.27,39.54],[121.41,39.62],[121.47,39.64],[121.52,39.64],[121.51,39.69],[121.47,39.75],[121.52,39.84],[121.8,39.95],[121.87,40.05],[121.98,40.14],[122.19,40.36],[122.2,40.4],[122.26,40.5],[122.28,40.54],[122.18,40.6],[122.14,40.69],[121.86,40.84],[121.83,40.97],[121.81,40.97],[121.77,40.88],[121.73,40.85],[121.6,40.84],[121.54,40.88],[121.17,40.9],[121.09,40.84],[121.0,40.75],[120.92,40.68],[120.84,40.65],[120.77,40.59],[120.48,40.23],[120.37,40.2],[119.85,39.99],[119.85,39.99],[119.74,40.1],[119.74,40.21],[119.63,40.21],[119.58,40.37],[119.6,40.48],[119.56,40.54],[119.29,40.53],[119.19,40.62],[119.19,40.7],[119.07,40.65],[118.85,40.82],[118.96,41.07],[119.05,41.09],[119.16,41.18],[119.23,41.27],[119.36,41.37],[119.39,41.47],[119.32,41.66],[119.3,41.78],[119.33,41.87],[119.32,41.97],[119.37,42.1],[119.25,42.19],[119.34,42.29],[119.56,42.37],[119.63,42.25],[119.82,42.21],[119.81,42.12],[119.89,42.0],[119.96,41.97],[120.03,41.86],[120.03,41.73],[120.11,41.71],[120.14,41.79],[120.34,41.97],[120.47,42.04],[120.51,42.15],[120.63,42.16],[120.74,42.23],[120.91,42.3],[121.03,42.26],[121.37,42.5],[121.54,42.54],[121.65,42.45],[121.72,42.46],[121.88,42.54],[121.92,42.65],[122.05,42.72],[122.3,42.64],[122.4,42.66],[122.43,42.72],[122.37,42.8],[122.48,42.85],[122.73,42.74],[122.89,42.74],[123.13,42.83],[123.18,42.94],[123.35,43.01],[123.61,43.08],[123.7,43.35],[123.75,43.47],[123.81,43.45],[124.01,43.31],[124.28,43.23],[124.3,43.16],[124.42,43.08],[124.38,42.99],[124.52,42.87],[124.67,43.0],[124.77,43.11],[124.89,43.09],[124.86,42.89],[124.94,42.8],[125.02,42.65],[125.1,42.58],[125.1,42.49],[125.21,42.41],[125.18,42.33],[125.27,42.31],[125.28,42.23],[125.48,42.15],[125.46,42.11],[125.3,41.96],[125.29,41.83],[125.33,41.75],[125.31,41.68],[125.45,41.68],[125.47,41.57],[125.65,41.29],[125.74,41.25],[125.77,41.14],[125.69,41.0],[125.58,40.91],[125.71,40.85]]]}},{"type":"Feature","properties":{"country":"China","name":"Shandong","slug":"shandong","iso":"CN-SD"},"geometry":{"type":"Polygon","coordinates":[[[117.84,38.27],[118.01,38.18],[118.54,38.09],[118.67,38.13],[118.8,38.13],[118.94,38.04],[119.03,37.9],[119.04,37.81],[119.04,37.78],[119.07,37.75],[119.09,37.7],[119.03,37.66],[118.99,37.64],[118.95,37.49],[118.95,37.33],[119.0,37.28],[119.11,37.2],[119.29,37.14],[119.45,37.12],[119.76,37.16],[119.89,37.25],[119.88,37.3],[119.88,37.35],[120.16,37.5],[120.31,37.62],[120.29,37.66],[120.26,37.68],[120.28,37.69],[120.37,37.7],[120.75,37.83],[121.05,37.73],[121.22,37.6],[121.39,37.58],[121.51,37.52],[121.64,37.46],[121.82,37.46],[121.96,37.45],[122.01,37.5],[122.06,37.53],[122.11,37.52],[122.17,37.46],[122.34,37.41],[122.49,37.41],[122.6,37.43],[122.67,37.4],[122.57,37.32],[122.59,37.18],[122.52,37.14],[122.45,37.07],[122.49,37.02],[122.52,37.0],[122.52,36.95],[122.46,36.92],[122.34,36.83],[122.27,36.83],[122.24,36.85],[122.22,36.88],[122.2,36.93],[122.16,36.96],[122.05,36.97],[121.93,36.96],[121.67,36.84],[121.41,36.74],[121.14,36.66],[121.05,36.61],[120.99,36.6],[120.88,36.64],[120.81,36.63],[120.8,36.61],[120.88,36.54],[120.9,36.49],[120.9,36.44],[120.85,36.43],[120.78,36.46],[120.71,36.41],[120.68,36.34],[120.68,36.17],[120.64,36.13],[120.52,36.11],[120.39,36.05],[120.35,36.08],[120.33,36.11],[120.34,36.19],[120.33,36.23],[120.27,36.23],[120.18,36.2],[120.12,36.15],[120.09,36.12],[120.18,36.02],[120.26,36.01],[120.28,35.98],[120.22,35.93],[120.05,35.86],[120.03,35.8],[119.98,35.74],[119.91,35.69],[119.87,35.64],[119.81,35.62],[119.72,35.59],[119.61,35.47],[119.53,35.36],[119.43,35.3],[119.35,35.11],[119.3,35.07],[119.18,35.11],[119.08,35.05],[118.87,35.04],[118.84,34.93],[118.78,34.83],[118.76,34.75],[118.68,34.68],[118.6,34.71],[118.48,34.69],[118.42,34.58],[118.39,34.44],[118.17,34.4],[118.05,34.65],[117.91,34.68],[117.79,34.65],[117.77,34.53],[117.65,34.53],[117.59,34.47],[117.47,34.48],[117.34,34.59],[117.27,34.56],[117.24,34.46],[117.18,34.45],[117.06,34.71],[116.99,34.77],[116.94,34.88],[116.83,34.96],[116.63,34.94],[116.47,34.9],[116.42,34.83],[116.38,34.64],[116.27,34.58],[116.15,34.57],[116.04,34.6],[115.82,34.57],[115.71,34.6],[115.65,34.57],[115.54,34.58],[115.44,34.68],[115.43,34.78],[115.32,34.84],[115.22,34.84],[115.17,34.94],[115.0,35.01],[114.83,35.02],[114.86,35.19],[114.94,35.22],[115.07,35.38],[115.23,35.42],[115.35,35.5],[115.4,35.62],[115.5,35.72],[115.65,35.75],[115.76,35.85],[115.87,35.87],[115.86,35.93],[115.97,35.99],[116.03,35.97],[116.08,36.1],[115.93,36.02],[115.83,36.03],[115.74,35.97],[115.53,35.91],[115.47,35.91],[115.42,35.82],[115.32,35.79],[115.33,35.93],[115.42,35.99],[115.46,36.16],[115.45,36.25],[115.34,36.35],[115.28,36.47],[115.34,36.6],[115.48,36.75],[115.63,36.79],[115.77,36.95],[115.85,37.06],[115.91,37.21],[115.98,37.32],[116.12,37.37],[116.26,37.39],[116.22,37.46],[116.35,37.62],[116.41,37.48],[116.61,37.64],[116.74,37.8],[116.84,37.83],[117.42,37.85],[117.57,38.05],[117.69,38.07],[117.78,38.16],[117.84,38.27]]]}},{"type":"Feature","properties":{"country":"China","name":"Tianjin","slug":"tianjin","iso":"CN-TJ"},"geometry":{"type":"Polygon","coordinates":[[[118.01,39.22],[117.87,39.19],[117.78,39.13],[117.62,38.85],[117.55,38.69],[117.56,38.63],[117.27,38.56],[117.19,38.61],[117.09,38.61],[117.02,38.71],[116.88,38.7],[116.71,38.82],[116.68,38.92],[116.71,39.01],[116.89,39.1],[116.83,39.22],[116.85,39.34],[116.79,39.49],[116.79,39.6],[116.88,39.69],[117.15,39.62],[117.2,39.76],[117.15,39.95],[117.24,40.09],[117.31,40.11],[117.37,40.2],[117.36,40.26],[117.45,40.23],[117.75,40.06],[117.77,39.96],[117.5,39.99],[117.53,39.75],[117.62,39.67],[117.63,39.58],[117.89,39.56],[117.9,39.4],[118.01,39.34],[118.01,39.22]]]}},{"type":"Feature","properties":{"country":"China","name":"Jiangxi","slug":"jiangxi","iso":"CN-JX"},"geometry":{"type":"Polygon","coordinates":[[[113.93,25.45],[113.98,25.58],[113.92,25.66],[113.91,25.75],[114.02,25.93],[114.04,26.07],[114.21,26.17],[114.16,26.22],[114.06,26.18],[113.94,26.21],[114.0,26.28],[114.01,26.39],[114.07,26.45],[114.09,26.58],[113.86,26.66],[113.83,26.83],[113.89,26.95],[113.75,27.14],[113.82,27.23],[113.85,27.35],[113.78,27.37],[113.67,27.33],[113.6,27.37],[113.56,27.59],[113.61,27.7],[113.7,27.82],[113.71,27.94],[113.74,27.98],[113.92,28.02],[114.01,28.11],[114.03,28.18],[114.09,28.26],[114.18,28.29],[114.23,28.41],[114.18,28.51],[114.06,28.56],[114.11,28.62],[114.14,28.79],[114.01,28.91],[113.91,28.96],[113.9,29.07],[114.06,29.2],[114.25,29.25],[114.24,29.31],[114.31,29.35],[114.47,29.32],[114.71,29.39],[114.82,29.39],[114.9,29.52],[114.97,29.56],[115.27,29.61],[115.42,29.71],[115.49,29.86],[115.71,29.86],[115.86,29.74],[116.0,29.74],[116.15,29.79],[116.24,29.78],[116.39,29.88],[116.49,29.88],[116.65,30.05],[116.79,30.02],[116.89,29.92],[116.8,29.76],[116.67,29.71],[116.65,29.63],[116.75,29.54],[116.89,29.56],[116.96,29.65],[117.08,29.71],[117.11,29.79],[117.07,29.84],[117.13,29.91],[117.23,29.91],[117.27,29.83],[117.41,29.83],[117.4,29.77],[117.53,29.62],[117.65,29.61],[117.71,29.56],[117.9,29.55],[117.99,29.57],[118.11,29.52],[118.17,29.41],[118.13,29.3],[118.05,29.28],[118.0,29.14],[118.06,29.05],[118.23,28.95],[118.3,28.84],[118.37,28.8],[118.43,28.7],[118.42,28.6],[118.46,28.52],[118.48,28.33],[118.45,28.29],[118.35,28.22],[118.37,28.1],[118.13,28.04],[118.06,27.98],[117.95,27.97],[117.82,27.94],[117.75,27.81],[117.61,27.87],[117.54,27.97],[117.28,27.86],[117.29,27.77],[117.23,27.72],[117.11,27.57],[117.12,27.43],[117.1,27.35],[117.15,27.28],[117.04,27.11],[116.92,27.02],[116.67,26.99],[116.55,26.87],[116.5,26.69],[116.54,26.56],[116.62,26.49],[116.59,26.4],[116.5,26.41],[116.4,26.29],[116.42,26.15],[116.4,26.06],[116.32,25.96],[116.18,25.91],[116.14,25.87],[116.12,25.76],[116.03,25.64],[116.04,25.57],[116.0,25.5],[115.98,25.35],[115.91,25.24],[115.84,25.19],[115.89,25.0],[115.89,24.92],[115.79,24.86],[115.75,24.75],[115.8,24.57],[115.71,24.55],[115.6,24.61],[115.54,24.69],[115.42,24.78],[115.24,24.75],[115.14,24.68],[115.05,24.71],[114.94,24.67],[114.86,24.59],[114.74,24.63],[114.71,24.55],[114.64,24.59],[114.5,24.56],[114.42,24.5],[114.29,24.6],[114.19,24.7],[114.3,24.76],[114.38,24.88],[114.41,24.98],[114.55,25.05],[114.73,25.12],[114.68,25.16],[114.71,25.29],[114.58,25.36],[114.57,25.41],[114.43,25.39],[114.38,25.34],[114.28,25.29],[114.11,25.31],[114.03,25.27],[114.01,25.44],[113.93,25.45]]]}},{"type":"Feature","properties":{"country":"China","name":"Jiangsu","slug":"jiangsu","iso":"CN-JS"},"geometry":{"type":"Polygon","coordinates":[[[119.3,35.07],[119.22,35.01],[119.17,34.85],[119.2,34.75],[119.35,34.75],[119.43,34.71],[119.58,34.58],[119.77,34.5],[119.96,34.45],[120.2,34.33],[120.27,34.27],[120.32,34.17],[120.43,33.87],[120.5,33.72],[120.5,33.64],[120.62,33.49],[120.73,33.24],[120.87,33.02],[120.9,32.84],[120.85,32.76],[120.85,32.66],[120.99,32.57],[121.29,32.46],[121.34,32.43],[121.4,32.37],[121.4,32.21],[121.45,32.15],[121.49,32.12],[121.67,32.05],[121.75,31.99],[121.83,31.9],[121.86,31.82],[121.87,31.7],[121.76,31.7],[121.68,31.71],[121.35,31.86],[121.27,31.86],[121.15,31.84],[120.97,31.87],[120.79,32.03],[120.66,32.08],[120.52,32.11],[120.18,31.97],[120.1,31.98],[120.07,31.96],[120.04,31.94],[120.19,31.91],[120.35,31.95],[120.5,32.02],[120.72,31.98],[120.75,31.92],[120.79,31.82],[120.94,31.75],[121.06,31.72],[121.2,31.63],[121.35,31.49],[121.19,31.46],[121.14,31.37],[121.13,31.28],[121.06,31.25],[121.03,31.14],[120.88,31.14],[120.91,31.01],[120.69,30.98],[120.71,30.89],[120.58,30.85],[120.49,30.76],[120.45,30.89],[120.36,30.94],[120.21,30.92],[120.13,30.94],[119.94,31.09],[119.93,31.15],[119.74,31.18],[119.63,31.13],[119.36,31.19],[119.32,31.27],[119.16,31.29],[119.07,31.24],[118.82,31.23],[118.76,31.28],[118.75,31.36],[118.83,31.4],[118.88,31.52],[118.86,31.63],[118.68,31.65],[118.68,31.7],[118.48,31.79],[118.48,31.86],[118.35,31.95],[118.38,32.05],[118.5,32.14],[118.51,32.2],[118.65,32.24],[118.68,32.34],[118.67,32.45],[118.61,32.48],[118.55,32.57],[118.75,32.61],[118.89,32.6],[119.08,32.45],[119.2,32.59],[119.19,32.71],[119.11,32.83],[119.01,32.91],[118.99,32.96],[118.86,32.97],[118.8,32.87],[118.75,32.84],[118.72,32.73],[118.4,32.73],[118.3,32.78],[118.24,32.92],[118.25,33.01],[118.22,33.18],[118.08,33.15],[118.0,33.17],[117.93,33.24],[118.12,33.61],[118.18,33.69],[118.12,33.77],[117.93,33.73],[117.75,33.72],[117.75,33.88],[117.69,33.89],[117.65,33.98],[117.57,33.99],[117.5,34.05],[117.39,34.03],[117.32,34.08],[117.16,34.09],[117.03,34.16],[116.97,34.28],[116.95,34.39],[116.8,34.4],[116.77,34.45],[116.62,34.49],[116.43,34.64],[116.38,34.64],[116.42,34.83],[116.47,34.9],[116.63,34.94],[116.83,34.96],[116.94,34.88],[116.99,34.77],[117.06,34.71],[117.18,34.45],[117.24,34.46],[117.27,34.56],[117.34,34.59],[117.47,34.48],[117.59,34.47],[117.65,34.53],[117.77,34.53],[117.79,34.65],[117.91,34.68],[118.05,34.65],[118.17,34.4],[118.39,34.44],[118.42,34.58],[118.48,34.69],[118.6,34.71],[118.68,34.68],[118.76,34.75],[118.78,34.83],[118.84,34.93],[118.87,35.04],[119.08,35.05],[119.18,35.11],[119.3,35.07]]]}},{"type":"Feature","properties":{"country":"China","name":"Shanghai","slug":"shanghai","iso":"CN-SH"},"geometry":{"type":"MultiPolygon","coordinates":[[[[121.35,31.49],[121.66,31.32],[121.79,31.16],[121.83,31.06],[121.88,30.92],[121.77,30.87],[121.68,30.86],[121.53,30.84],[121.42,30.79],[121.31,30.7],[121.28,30.69],[121.26,30.74],[121.1,30.83],[120.98,30.83],[120.97,31.01],[120.91,31.01],[120.88,31.14],[121.03,31.14],[121.06,31.25],[121.13,31.28],[121.14,31.37],[121.19,31.46],[121.35,31.49]]],[[[121.58,31.64],[121.81,31.55],[121.84,31.53],[121.86,31.49],[121.78,31.46],[121.52,31.55],[121.34,31.64],[121.23,31.76],[121.21,31.81],[121.34,31.8],[121.46,31.76],[121.49,31.69],[121.54,31.67],[121.58,31.64]]]]}},{"type":"Feature","properties":{"country":"China","name":"Zhejiang","slug":"zhejiang","iso":"CN-ZJ"},"geometry":{"type":"MultiPolygon","coordinates":[[[[121.21,28.2],[121.23,28.18],[121.25,28.15],[121.25,28.09],[121.16,28.06],[121.13,28.06],[121.13,28.14],[121.21,28.2]]],[[[121.28,30.69],[121.0,30.56],[120.94,30.47],[120.9,30.39],[120.82,30.35],[120.63,30.39],[120.45,30.39],[120.25,30.28],[120.19,30.24],[120.23,30.25],[120.26,30.26],[120.35,30.25],[120.49,30.3],[120.63,30.13],[120.9,30.16],[121.16,30.3],[121.26,30.3],[121.34,30.28],[121.43,30.23],[121.68,29.98],[121.81,29.95],[121.94,29.89],[122.02,29.89],[122.08,29.87],[121.91,29.78],[121.68,29.58],[121.57,29.54],[121.51,29.48],[121.69,29.51],[121.82,29.6],[121.89,29.63],[121.94,29.61],[121.97,29.49],[121.92,29.14],[121.85,29.13],[121.79,29.23],[121.72,29.26],[121.66,29.24],[121.53,29.24],[121.49,29.19],[121.45,29.13],[121.52,29.12],[121.66,29.01],[121.68,28.95],[121.64,28.92],[121.54,28.93],[121.66,28.85],[121.63,28.77],[121.59,28.73],[121.52,28.71],[121.48,28.64],[121.54,28.52],[121.6,28.37],[121.61,28.29],[121.51,28.32],[121.35,28.23],[121.27,28.22],[121.22,28.35],[121.15,28.33],[121.1,28.29],[121.04,28.16],[120.96,28.04],[120.89,28.0],[120.81,28.01],[120.75,28.01],[120.76,27.98],[120.83,27.94],[120.83,27.89],[120.69,27.74],[120.66,27.69],[120.66,27.64],[120.59,27.58],[120.63,27.48],[120.61,27.41],[120.54,27.32],[120.47,27.26],[120.42,27.2],[120.41,27.3],[120.34,27.38],[120.25,27.41],[120.15,27.4],[120.06,27.34],[119.77,27.32],[119.69,27.41],[119.69,27.51],[119.62,27.67],[119.51,27.64],[119.47,27.53],[119.39,27.51],[119.27,27.42],[119.19,27.42],[119.01,27.48],[118.92,27.55],[118.89,27.72],[118.82,27.91],[118.75,27.97],[118.77,28.18],[118.8,28.21],[118.74,28.33],[118.5,28.26],[118.45,28.29],[118.48,28.33],[118.46,28.52],[118.42,28.6],[118.43,28.7],[118.37,28.8],[118.3,28.84],[118.23,28.95],[118.06,29.05],[118.0,29.14],[118.05,29.28],[118.13,29.3],[118.17,29.41],[118.37,29.45],[118.47,29.52],[118.56,29.63],[118.65,29.66],[118.72,29.73],[118.74,29.83],[118.82,29.88],[118.89,29.98],[118.85,30.16],[118.91,30.22],[118.88,30.32],[118.93,30.35],[119.06,30.31],[119.21,30.31],[119.36,30.4],[119.32,30.52],[119.24,30.55],[119.35,30.68],[119.44,30.64],[119.5,30.77],[119.57,30.85],[119.63,31.13],[119.74,31.18],[119.93,31.15],[119.94,31.09],[120.13,30.94],[120.21,30.92],[120.36,30.94],[120.45,30.89],[120.49,30.76],[120.58,30.85],[120.71,30.89],[120.69,30.98],[120.91,31.01],[120.97,31.01],[120.98,30.83],[121.1,30.83],[121.26,30.74],[121.28,30.69]]],[[[122.4,29.95],[122.4,29.89],[122.39,29.85],[122.37,29.85],[122.33,29.93],[122.35,29.96],[122.4,29.95]]],[[[122.28,30.07],[122.32,30.03],[122.3,29.96],[122.28,29.94],[122.16,30.0],[122.02,30.01],[121.98,30.06],[121.97,30.14],[122.11,30.14],[122.28,30.07]]],[[[122.12,29.78],[122.17,29.7],[122.17,29.68],[122.17,29.66],[122.08,29.73],[122.04,29.74],[122.06,29.77],[122.12,29.78]]]]}},{"type":"Feature","properties":{"country":"China","name":"Jilin","slug":"jilin","iso":"CN-JL"},"geometry":{"type":"Polygon","coordinates":[[[131.25,43.47],[131.26,43.43],[131.26,43.38],[131.24,43.34],[131.21,43.26],[131.18,43.14],[131.14,43.1],[131.11,43.06],[131.09,43.04],[131.08,42.96],[131.07,42.9],[131.01,42.88],[130.94,42.85],[130.87,42.86],[130.8,42.86],[130.72,42.84],[130.58,42.81],[130.49,42.78],[130.45,42.76],[130.42,42.73],[130.42,42.7],[130.44,42.69],[130.52,42.67],[130.58,42.62],[130.58,42.57],[130.53,42.54],[130.5,42.57],[130.45,42.58],[130.36,42.63],[130.3,42.68],[130.25,42.74],[130.25,42.87],[130.24,42.89],[130.15,42.92],[130.12,42.96],[130.08,42.97],[130.02,42.96],[129.98,42.97],[129.94,43.0],[129.9,43.0],[129.86,42.97],[129.84,42.89],[129.78,42.78],[129.77,42.71],[129.75,42.6],[129.72,42.47],[129.7,42.45],[129.63,42.44],[129.6,42.44],[129.57,42.39],[129.52,42.38],[129.48,42.41],[129.42,42.44],[129.37,42.44],[129.31,42.41],[129.25,42.36],[129.22,42.31],[129.21,42.27],[129.2,42.22],[129.13,42.17],[129.08,42.14],[128.96,42.07],[128.92,42.04],[128.84,42.04],[128.75,42.04],[128.63,42.02],[128.43,42.01],[128.31,42.03],[128.16,42.01],[128.05,41.99],[128.03,41.95],[128.03,41.9],[128.06,41.86],[128.08,41.84],[128.13,41.77],[128.18,41.7],[128.26,41.66],[128.29,41.61],[128.29,41.56],[128.25,41.51],[128.2,41.43],[128.15,41.39],[128.11,41.39],[128.05,41.42],[128.01,41.45],[127.92,41.46],[127.69,41.44],[127.57,41.45],[127.52,41.48],[127.42,41.48],[127.27,41.52],[127.18,41.53],[127.14,41.55],[127.13,41.61],[127.09,41.64],[127.06,41.69],[127.01,41.74],[126.95,41.77],[126.9,41.78],[126.85,41.75],[126.79,41.72],[126.74,41.72],[126.72,41.72],[126.7,41.69],[126.6,41.64],[126.58,41.59],[126.54,41.5],[126.51,41.39],[126.49,41.36],[126.45,41.35],[126.41,41.32],[126.33,41.23],[126.25,41.14],[126.14,41.08],[126.09,41.02],[126.07,40.97],[125.99,40.9],[125.87,40.89],[125.78,40.87],[125.73,40.87],[125.71,40.85],[125.58,40.91],[125.69,41.0],[125.77,41.14],[125.74,41.25],[125.65,41.29],[125.47,41.57],[125.45,41.68],[125.31,41.68],[125.33,41.75],[125.29,41.83],[125.3,41.96],[125.46,42.11],[125.48,42.15],[125.28,42.23],[125.27,42.31],[125.18,42.33],[125.21,42.41],[125.1,42.49],[125.1,42.58],[125.02,42.65],[124.94,42.8],[124.86,42.89],[124.89,43.09],[124.77,43.11],[124.67,43.0],[124.52,42.87],[124.38,42.99],[124.42,43.08],[124.3,43.16],[124.28,43.23],[124.01,43.31],[123.81,43.45],[123.75,43.47],[123.7,43.35],[123.61,43.37],[123.38,43.45],[123.36,43.54],[123.49,43.59],[123.52,43.7],[123.32,44.04],[123.36,44.15],[123.26,44.2],[123.17,44.37],[123.12,44.41],[123.12,44.49],[123.04,44.51],[122.96,44.45],[122.72,44.34],[122.38,44.22],[122.25,44.25],[122.28,44.43],[122.09,44.62],[122.05,44.69],[122.02,44.85],[122.04,44.93],[122.01,45.12],[122.19,45.2],[122.23,45.29],[122.14,45.45],[122.03,45.48],[121.96,45.57],[121.93,45.69],[121.78,45.68],[121.67,45.72],[121.81,45.91],[121.77,46.01],[122.0,45.98],[122.24,45.81],[122.4,45.95],[122.5,45.83],[122.65,45.73],[122.77,45.79],[122.8,45.91],[122.8,46.09],[123.07,46.11],[123.16,46.22],[123.26,46.27],[123.36,46.24],[123.92,46.27],[124.03,46.02],[123.98,45.98],[124.06,45.87],[124.02,45.78],[124.14,45.63],[124.22,45.64],[124.33,45.55],[124.4,45.45],[124.56,45.42],[124.61,45.45],[124.87,45.45],[125.03,45.5],[125.1,45.4],[125.31,45.42],[125.43,45.48],[125.52,45.47],[125.7,45.51],[125.7,45.36],[125.84,45.23],[126.15,45.14],[126.42,45.23],[126.56,45.25],[126.79,45.15],[126.95,45.13],[127.08,44.93],[126.98,44.83],[127.03,44.73],[127.04,44.6],[127.15,44.65],[127.23,44.62],[127.38,44.65],[127.56,44.57],[127.49,44.41],[127.62,44.27],[127.61,44.22],[127.71,44.16],[127.74,44.09],[127.85,44.06],[128.05,44.13],[128.04,44.34],[128.16,44.35],[128.21,44.44],[128.36,44.5],[128.42,44.45],[128.45,44.32],[128.45,44.15],[128.53,44.08],[128.63,43.91],[128.75,43.8],[128.76,43.71],[128.88,43.56],[129.01,43.54],[129.23,43.61],[129.22,43.74],[129.25,43.79],[129.53,43.87],[129.75,43.87],[129.8,43.97],[129.91,44.02],[130.0,43.98],[130.03,43.86],[130.1,43.85],[130.28,43.96],[130.33,43.93],[130.41,43.67],[130.59,43.63],[130.92,43.45],[130.99,43.51],[131.15,43.44],[131.25,43.47]]]}},{"type":"Feature","properties":{"country":"China","name":"Inner Mongol","slug":"inner-mongol","iso":"CN-NM"},"geometry":{"type":"Polygon","coordinates":[[[97.21,42.79],[97.72,42.74],[98.25,42.68],[98.72,42.64],[98.95,42.62],[99.47,42.57],[99.76,42.63],[99.98,42.68],[100.09,42.67],[100.52,42.62],[100.77,42.59],[101.09,42.55],[101.31,42.54],[101.5,42.54],[101.58,42.52],[101.66,42.5],[101.71,42.47],[101.88,42.29],[101.97,42.22],[102.16,42.16],[102.58,42.09],[102.81,42.05],[103.07,42.01],[103.25,41.94],[103.45,41.86],[103.71,41.75],[104.0,41.8],[104.31,41.85],[104.5,41.88],[104.5,41.66],[104.77,41.64],[104.86,41.64],[104.98,41.6],[105.05,41.62],[105.12,41.66],[105.2,41.74],[105.31,41.77],[105.52,41.85],[105.57,41.88],[105.87,41.99],[106.32,42.14],[106.52,42.21],[106.58,42.23],[106.69,42.26],[106.77,42.29],[106.91,42.31],[107.09,42.32],[107.29,42.35],[107.75,42.4],[107.81,42.41],[108.06,42.43],[108.17,42.45],[108.33,42.44],[108.55,42.43],[108.69,42.42],[108.87,42.43],[109.13,42.44],[109.34,42.44],[109.44,42.46],[109.6,42.51],[109.7,42.55],[109.86,42.61],[110.06,42.66],[110.2,42.71],[110.29,42.74],[110.4,42.77],[110.43,42.81],[110.46,42.84],[110.52,42.9],[110.63,42.99],[110.71,43.07],[110.75,43.11],[110.84,43.19],[110.91,43.26],[111.01,43.34],[111.09,43.37],[111.19,43.39],[111.45,43.47],[111.5,43.49],[111.55,43.5],[111.64,43.56],[111.72,43.62],[111.77,43.66],[111.88,43.68],[111.93,43.71],[111.94,43.75],[111.93,43.81],[111.88,43.88],[111.84,43.93],[111.68,44.04],[111.6,44.11],[111.52,44.19],[111.49,44.27],[111.43,44.32],[111.4,44.37],[111.41,44.42],[111.49,44.51],[111.51,44.57],[111.55,44.67],[111.62,44.83],[111.68,44.9],[111.75,44.97],[111.9,45.06],[112.03,45.08],[112.11,45.06],[112.29,45.06],[112.41,45.06],[112.5,45.01],[112.6,44.92],[112.71,44.88],[113.05,44.81],[113.2,44.79],[113.3,44.79],[113.46,44.77],[113.51,44.76],[113.59,44.75],[113.65,44.76],[113.75,44.83],[113.88,44.9],[113.93,44.91],[114.03,44.94],[114.08,44.97],[114.17,45.05],[114.28,45.11],[114.42,45.2],[114.49,45.27],[114.5,45.32],[114.52,45.36],[114.56,45.39],[114.64,45.41],[114.74,45.42],[114.92,45.38],[115.16,45.39],[115.22,45.4],[115.44,45.42],[115.54,45.44],[115.68,45.46],[115.79,45.53],[115.93,45.63],[116.04,45.68],[116.11,45.69],[116.2,45.74],[116.24,45.8],[116.23,45.85],[116.21,45.89],[116.26,45.96],[116.36,46.1],[116.44,46.16],[116.52,46.21],[116.56,46.29],[116.62,46.31],[116.69,46.32],[116.79,46.38],[116.86,46.39],[116.98,46.36],[117.16,46.36],[117.27,46.35],[117.33,46.36],[117.36,46.39],[117.36,46.44],[117.39,46.54],[117.41,46.57],[117.44,46.59],[117.55,46.59],[117.62,46.55],[117.67,46.52],[117.74,46.52],[117.81,46.54],[117.91,46.62],[118.07,46.67],[118.16,46.68],[118.31,46.72],[118.4,46.7],[118.58,46.69],[118.65,46.7],[118.72,46.69],[118.79,46.75],[118.84,46.76],[118.96,46.73],[119.03,46.69],[119.16,46.64],[119.33,46.61],[119.47,46.63],[119.62,46.6],[119.71,46.61],[119.75,46.63],[119.87,46.67],[119.9,46.73],[119.88,46.79],[119.9,46.86],[119.86,46.91],[119.79,46.98],[119.76,47.03],[119.76,47.09],[119.71,47.15],[119.6,47.22],[119.53,47.26],[119.38,47.38],[119.33,47.41],[119.31,47.43],[119.29,47.47],[119.24,47.49],[119.16,47.53],[119.12,47.56],[119.1,47.62],[119.08,47.65],[119.02,47.69],[118.95,47.7],[118.88,47.73],[118.76,47.76],[118.69,47.82],[118.57,47.94],[118.5,47.98],[118.24,48.0],[118.15,48.03],[118.04,48.02],[117.98,48.0],[117.84,48.0],[117.77,47.99],[117.68,47.91],[117.56,47.8],[117.46,47.74],[117.38,47.68],[117.35,47.65],[117.29,47.67],[117.2,47.74],[117.07,47.81],[116.95,47.84],[116.9,47.85],[116.76,47.87],[116.65,47.86],[116.51,47.84],[116.38,47.84],[116.32,47.86],[116.23,47.86],[116.07,47.79],[115.99,47.71],[115.9,47.69],[115.81,47.74],[115.71,47.8],[115.62,47.87],[115.56,47.95],[115.53,48.13],[115.64,48.19],[115.79,48.25],[115.8,48.35],[115.79,48.46],[115.82,48.58],[115.95,48.69],[116.03,48.78],[116.03,48.84],[116.1,48.94],[116.16,49.04],[116.24,49.17],[116.4,49.41],[116.59,49.68],[116.68,49.82],[116.89,49.74],[117.02,49.69],[117.25,49.62],[117.48,49.61],[117.7,49.54],[117.81,49.51],[117.87,49.51],[118.19,49.69],[118.45,49.84],[118.76,49.96],[118.98,49.98],[119.15,50.01],[119.26,50.07],[119.33,50.15],[119.35,50.28],[119.3,50.35],[119.19,50.38],[119.16,50.41],[119.22,50.43],[119.26,50.48],[119.28,50.56],[119.34,50.63],[119.45,50.7],[119.5,50.78],[119.51,50.86],[119.57,50.95],[119.68,51.03],[119.75,51.11],[119.76,51.18],[119.81,51.27],[119.97,51.42],[120.07,51.6],[120.24,51.72],[120.51,51.85],[120.68,51.97],[120.75,52.1],[120.74,52.21],[120.67,52.3],[120.65,52.4],[120.7,52.49],[120.66,52.57],[120.52,52.62],[120.36,52.63],[120.17,52.6],[120.07,52.63],[120.04,52.72],[120.09,52.79],[120.22,52.84],[120.42,52.97],[120.7,53.17],[120.99,53.28],[121.41,53.32],[121.61,53.24],[121.8,53.02],[121.69,52.91],[121.5,52.77],[121.17,52.59],[121.49,52.44],[121.69,52.39],[121.83,52.27],[122.02,52.28],[122.17,52.48],[122.34,52.45],[122.49,52.29],[122.73,52.25],[122.78,52.2],[122.64,52.09],[122.75,51.85],[122.71,51.7],[122.84,51.57],[122.84,51.51],[122.96,51.39],[123.09,51.31],[123.27,51.27],[123.44,51.27],[123.57,51.2],[123.79,51.23],[123.87,51.31],[124.0,51.3],[124.16,51.33],[124.35,51.28],[124.5,51.36],[124.67,51.34],[124.82,51.37],[125.06,51.53],[125.13,51.62],[125.33,51.58],[125.49,51.51],[125.58,51.39],[125.72,51.25],[125.84,51.21],[125.87,51.14],[125.98,51.1],[126.06,50.98],[126.0,50.9],[125.82,50.77],[125.81,50.56],[125.53,50.39],[125.42,50.19],[125.26,50.11],[125.3,50.01],[125.19,49.94],[125.23,49.85],[125.22,49.67],[125.13,49.64],[125.24,49.55],[125.27,49.44],[125.22,49.22],[125.16,49.15],[124.86,49.18],[124.82,49.06],[124.62,48.74],[124.62,48.67],[124.54,48.57],[124.52,48.37],[124.56,48.24],[124.52,48.13],[124.43,48.17],[124.33,48.33],[124.3,48.49],[124.23,48.53],[124.08,48.45],[123.73,48.19],[123.58,48.05],[123.29,47.95],[123.21,47.81],[123.1,47.75],[122.8,47.64],[122.57,47.53],[122.49,47.41],[122.41,47.33],[122.57,47.13],[122.8,47.03],[123.0,46.84],[123.19,46.76],[123.33,46.83],[123.38,46.9],[123.49,46.82],[123.61,46.77],[123.54,46.69],[123.4,46.6],[123.29,46.59],[123.09,46.62],[123.02,46.61],[122.99,46.41],[123.16,46.22],[123.07,46.11],[122.8,46.09],[122.8,45.91],[122.77,45.79],[122.65,45.73],[122.5,45.83],[122.4,45.95],[122.24,45.81],[122.0,45.98],[121.77,46.01],[121.81,45.91],[121.67,45.72],[121.78,45.68],[121.93,45.69],[121.96,45.57],[122.03,45.48],[122.14,45.45],[122.23,45.29],[122.19,45.2],[122.01,45.12],[122.04,44.93],[122.02,44.85],[122.05,44.69],[122.09,44.62],[122.28,44.43],[122.25,44.25],[122.38,44.22],[122.72,44.34],[122.96,44.45],[123.04,44.51],[123.12,44.49],[123.12,44.41],[123.17,44.37],[123.26,44.2],[123.36,44.15],[123.32,44.04],[123.52,43.7],[123.49,43.59],[123.36,43.54],[123.38,43.45],[123.61,43.37],[123.7,43.35],[123.61,43.08],[123.35,43.01],[123.18,42.94],[123.13,42.83],[122.89,42.74],[122.73,42.74],[122.48,42.85],[122.37,42.8],[122.43,42.72],[122.4,42.66],[122.3,42.64],[122.05,42.72],[121.92,42.65],[121.88,42.54],[121.72,42.46],[121.65,42.45],[121.54,42.54],[121.37,42.5],[121.03,42.26],[120.91,42.3],[120.74,42.23],[120.63,42.16],[120.51,42.15],[120.47,42.04],[120.34,41.97],[120.14,41.79],[120.11,41.71],[120.03,41.73],[120.03,41.86],[119.96,41.97],[119.89,42.0],[119.81,42.12],[119.82,42.21],[119.63,42.25],[119.56,42.37],[119.34,42.29],[119.25,42.19],[119.37,42.1],[119.32,41.97],[119.33,41.87],[119.3,41.78],[119.32,41.66],[119.39,41.47],[119.36,41.37],[119.23,41.27],[119.15,41.31],[118.73,41.35],[118.48,41.36],[118.37,41.31],[118.31,41.57],[118.24,41.59],[118.16,41.72],[118.28,41.75],[118.32,41.86],[118.27,42.07],[118.13,42.02],[118.09,42.18],[117.99,42.22],[118.04,42.29],[118.02,42.38],[117.8,42.57],[117.74,42.59],[117.59,42.55],[117.45,42.55],[117.41,42.46],[117.24,42.48],[117.06,42.46],[116.89,42.4],[116.83,42.31],[116.88,42.22],[116.86,42.02],[116.6,41.92],[116.47,41.95],[116.38,42.01],[116.21,41.88],[116.13,41.87],[116.04,41.8],[115.94,41.93],[115.86,41.93],[115.53,41.77],[115.34,41.72],[115.35,41.62],[115.23,41.59],[115.1,41.62],[114.89,41.61],[114.88,41.81],[114.93,41.84],[114.92,41.94],[114.8,42.18],[114.75,42.14],[114.6,42.14],[114.48,42.08],[114.42,41.96],[114.26,41.86],[114.21,41.77],[114.2,41.59],[114.03,41.53],[113.93,41.42],[113.91,41.29],[113.98,41.24],[113.96,41.15],[113.88,41.1],[113.91,41.03],[114.02,40.92],[114.06,40.81],[114.15,40.74],[114.03,40.64],[114.08,40.55],[114.04,40.49],[113.81,40.43],[113.68,40.43],[113.52,40.34],[113.33,40.32],[113.23,40.42],[113.09,40.4],[112.96,40.36],[112.84,40.23],[112.73,40.17],[112.6,40.24],[112.4,40.29],[112.28,40.23],[112.17,40.06],[112.1,40.01],[111.92,39.69],[111.76,39.6],[111.67,39.64],[111.49,39.65],[111.43,39.63],[111.42,39.52],[111.34,39.44],[111.2,39.43],[111.11,39.39],[111.04,39.42],[111.14,39.56],[111.01,39.56],[110.85,39.47],[110.68,39.26],[110.6,39.27],[110.49,39.37],[110.34,39.32],[110.23,39.42],[110.11,39.43],[110.18,39.29],[109.96,39.18],[109.82,39.05],[109.67,39.01],[109.64,38.91],[109.54,38.79],[109.42,38.77],[109.31,38.62],[109.16,38.54],[108.99,38.34],[108.95,38.2],[109.03,38.11],[109.0,37.99],[108.95,37.93],[108.86,37.99],[108.79,37.94],[108.76,37.68],[108.5,37.67],[108.33,37.63],[108.04,37.63],[107.99,37.73],[107.88,37.8],[107.66,37.85],[107.4,37.92],[107.32,38.07],[107.16,38.14],[107.06,38.11],[106.83,38.15],[106.47,38.29],[106.64,38.46],[106.7,38.64],[106.93,38.92],[106.98,39.04],[106.91,39.07],[106.81,39.2],[106.79,39.36],[106.61,39.36],[106.5,39.29],[106.35,39.29],[106.28,39.27],[106.28,39.16],[106.11,39.12],[106.06,38.98],[105.9,38.74],[105.84,38.57],[105.83,38.23],[105.76,38.14],[105.82,38.01],[105.79,37.81],[105.66,37.74],[105.53,37.72],[105.35,37.75],[105.08,37.66],[104.94,37.55],[104.65,37.51],[104.52,37.53],[104.43,37.5],[104.36,37.4],[104.26,37.39],[104.11,37.46],[103.86,37.63],[103.68,37.78],[103.44,37.84],[103.39,38.0],[103.39,38.1],[103.52,38.14],[103.47,38.44],[103.79,38.59],[103.98,38.76],[104.04,38.87],[104.17,38.96],[104.22,39.09],[104.06,39.31],[104.02,39.44],[103.75,39.42],[103.46,39.36],[103.28,39.29],[102.97,39.12],[102.83,39.13],[102.59,39.18],[102.39,39.24],[101.83,39.06],[102.02,38.89],[102.02,38.86],[101.83,38.69],[101.58,38.69],[101.41,38.75],[101.32,38.76],[101.33,38.83],[101.25,38.87],[101.18,39.02],[101.05,39.0],[100.89,39.11],[100.85,39.17],[100.83,39.38],[100.79,39.41],[100.54,39.41],[100.45,39.5],[100.31,39.55],[100.29,39.63],[100.19,39.69],[100.04,39.73],[99.69,39.88],[99.43,39.88],[99.53,40.0],[99.63,40.07],[99.9,40.2],[100.01,40.4],[100.14,40.52],[100.2,40.62],[100.18,40.74],[100.08,40.86],[100.01,40.9],[99.66,40.9],[99.5,40.84],[99.16,40.84],[98.83,40.73],[98.65,40.57],[98.52,40.53],[98.23,40.54],[98.33,40.86],[98.29,40.92],[98.2,40.95],[97.95,41.12],[97.71,41.35],[97.65,41.46],[97.68,41.5],[97.85,41.62],[97.21,42.79]]]}},{"type":"Feature","properties":{"country":"China","name":"Heilongjiang","slug":"heilongjiang","iso":"CN-HL"},"geometry":{"type":"Polygon","coordinates":[[[121.41,53.32],[121.74,53.38],[122.02,53.44],[122.09,53.45],[122.34,53.49],[122.38,53.46],[122.52,53.46],[122.74,53.47],[122.96,53.5],[123.15,53.54],[123.31,53.56],[123.42,53.53],[123.49,53.53],[123.53,53.53],[123.56,53.53],[123.61,53.55],[123.74,53.51],[123.99,53.41],[124.15,53.36],[124.22,53.37],[124.29,53.34],[124.37,53.27],[124.47,53.23],[124.64,53.21],[124.81,53.13],[124.88,53.13],[124.91,53.17],[124.97,53.2],[125.08,53.2],[125.23,53.17],[125.42,53.08],[125.55,53.05],[125.6,53.06],[125.65,53.04],[125.69,53.0],[125.7,52.96],[125.68,52.93],[125.73,52.89],[125.78,52.89],[125.87,52.87],[125.94,52.8],[126.0,52.77],[126.05,52.74],[126.06,52.72],[126.06,52.69],[126.05,52.67],[126.02,52.64],[126.02,52.61],[126.05,52.57],[126.16,52.55],[126.19,52.52],[126.2,52.48],[126.24,52.44],[126.31,52.4],[126.34,52.36],[126.32,52.33],[126.35,52.31],[126.38,52.29],[126.39,52.21],[126.39,52.17],[126.46,52.13],[126.47,52.03],[126.51,51.93],[126.65,51.78],[126.7,51.7],[126.69,51.61],[126.71,51.57],[126.77,51.55],[126.81,51.51],[126.8,51.45],[126.83,51.41],[126.85,51.37],[126.83,51.31],[126.85,51.26],[126.89,51.23],[126.91,51.17],[126.92,51.1],[127.02,50.99],[127.2,50.83],[127.31,50.71],[127.35,50.62],[127.35,50.55],[127.31,50.49],[127.31,50.45],[127.34,50.43],[127.35,50.39],[127.34,50.35],[127.4,50.3],[127.59,50.21],[127.51,50.07],[127.49,49.98],[127.5,49.87],[127.55,49.8],[127.64,49.76],[127.69,49.72],[127.71,49.67],[127.81,49.62],[128.0,49.57],[128.24,49.56],[128.53,49.59],[128.7,49.6],[128.77,49.58],[128.79,49.54],[128.77,49.49],[128.82,49.46],[128.94,49.45],[129.02,49.42],[129.07,49.37],[129.12,49.36],[129.19,49.38],[129.25,49.38],[129.31,49.35],[129.35,49.36],[129.38,49.39],[129.44,49.39],[129.5,49.39],[129.53,49.32],[129.59,49.29],[129.67,49.28],[129.79,49.2],[130.04,48.97],[130.2,48.89],[130.36,48.87],[130.55,48.86],[130.62,48.77],[130.57,48.68],[130.55,48.6],[130.6,48.57],[130.66,48.48],[130.75,48.43],[130.76,48.39],[130.8,48.34],[130.79,48.25],[130.71,48.13],[130.73,48.02],[130.85,47.93],[130.92,47.84],[130.93,47.76],[130.96,47.71],[131.0,47.69],[131.12,47.7],[131.32,47.73],[131.46,47.72],[131.56,47.68],[131.79,47.68],[132.15,47.72],[132.38,47.73],[132.48,47.71],[132.56,47.77],[132.64,47.89],[132.71,47.95],[132.77,47.94],[132.88,47.98],[133.02,48.06],[133.14,48.11],[133.3,48.1],[133.47,48.1],[133.57,48.13],[133.67,48.21],[133.84,48.27],[134.21,48.36],[134.29,48.37],[134.32,48.37],[134.33,48.37],[134.46,48.36],[134.56,48.32],[134.67,48.25],[134.68,48.21],[134.67,48.15],[134.65,48.12],[134.61,48.08],[134.57,48.02],[134.59,47.98],[134.65,47.87],[134.7,47.8],[134.75,47.72],[134.73,47.68],[134.7,47.62],[134.6,47.52],[134.54,47.49],[134.48,47.45],[134.38,47.44],[134.34,47.43],[134.29,47.41],[134.26,47.38],[134.23,47.35],[134.17,47.3],[134.16,47.26],[134.19,47.19],[134.2,47.13],[134.14,47.07],[134.09,46.98],[134.07,46.95],[134.05,46.88],[134.04,46.86],[134.02,46.71],[133.97,46.64],[133.96,46.61],[133.87,46.5],[133.89,46.43],[133.9,46.37],[133.88,46.34],[133.87,46.31],[133.86,46.25],[133.83,46.22],[133.75,46.19],[133.7,46.14],[133.71,46.07],[133.69,46.01],[133.65,45.96],[133.61,45.92],[133.55,45.9],[133.51,45.88],[133.48,45.81],[133.48,45.76],[133.45,45.71],[133.47,45.65],[133.44,45.6],[133.36,45.57],[133.31,45.55],[133.27,45.55],[133.19,45.49],[133.11,45.32],[133.1,45.22],[133.11,45.13],[133.01,45.07],[132.94,45.03],[132.89,45.05],[132.84,45.06],[132.72,45.08],[132.67,45.09],[132.55,45.12],[132.36,45.16],[132.18,45.2],[132.07,45.23],[131.98,45.24],[131.91,45.27],[131.85,45.33],[131.79,45.31],[131.74,45.24],[131.65,45.21],[131.61,45.14],[131.58,45.08],[131.49,45.01],[131.45,44.98],[131.27,44.94],[131.23,44.92],[131.08,44.91],[131.03,44.89],[130.98,44.84],[130.97,44.8],[131.0,44.75],[131.06,44.66],[131.09,44.6],[131.13,44.47],[131.26,44.07],[131.21,44.0],[131.17,43.7],[131.18,43.65],[131.18,43.57],[131.18,43.51],[131.21,43.49],[131.24,43.47],[131.25,43.47],[131.15,43.44],[130.99,43.51],[130.92,43.45],[130.59,43.63],[130.41,43.67],[130.33,43.93],[130.28,43.96],[130.1,43.85],[130.03,43.86],[130.0,43.98],[129.91,44.02],[129.8,43.97],[129.75,43.87],[129.53,43.87],[129.25,43.79],[129.22,43.74],[129.23,43.61],[129.01,43.54],[128.88,43.56],[128.76,43.71],[128.75,43.8],[128.63,43.91],[128.53,44.08],[128.45,44.15],[128.45,44.32],[128.42,44.45],[128.36,44.5],[128.21,44.44],[128.16,44.35],[128.04,44.34],[128.05,44.13],[127.85,44.06],[127.74,44.09],[127.71,44.16],[127.61,44.22],[127.62,44.27],[127.49,44.41],[127.56,44.57],[127.38,44.65],[127.23,44.62],[127.15,44.65],[127.04,44.6],[127.03,44.73],[126.98,44.83],[127.08,44.93],[126.95,45.13],[126.79,45.15],[126.56,45.25],[126.42,45.23],[126.15,45.14],[125.84,45.23],[125.7,45.36],[125.7,45.51],[125.52,45.47],[125.43,45.48],[125.31,45.42],[125.1,45.4],[125.03,45.5],[124.87,45.45],[124.61,45.45],[124.56,45.42],[124.4,45.45],[124.33,45.55],[124.22,45.64],[124.14,45.63],[124.02,45.78],[124.06,45.87],[123.98,45.98],[124.03,46.02],[123.92,46.27],[123.36,46.24],[123.26,46.27],[123.16,46.22],[122.99,46.41],[123.02,46.61],[123.09,46.62],[123.29,46.59],[123.4,46.6],[123.54,46.69],[123.61,46.77],[123.49,46.82],[123.38,46.9],[123.33,46.83],[123.19,46.76],[123.0,46.84],[122.8,47.03],[122.57,47.13],[122.41,47.33],[122.49,47.41],[122.57,47.53],[122.8,47.64],[123.1,47.75],[123.21,47.81],[123.29,47.95],[123.58,48.05],[123.73,48.19],[124.08,48.45],[124.23,48.53],[124.3,48.49],[124.33,48.33],[124.43,48.17],[124.52,48.13],[124.56,48.24],[124.52,48.37],[124.54,48.57],[124.62,48.67],[124.62,48.74],[124.82,49.06],[124.86,49.18],[125.16,49.15],[125.22,49.22],[125.27,49.44],[125.24,49.55],[125.13,49.64],[125.22,49.67],[125.23,49.85],[125.19,49.94],[125.3,50.01],[125.26,50.11],[125.42,50.19],[125.53,50.39],[125.81,50.56],[125.82,50.77],[126.0,50.9],[126.06,50.98],[125.98,51.1],[125.87,51.14],[125.84,51.21],[125.72,51.25],[125.58,51.39],[125.49,51.51],[125.33,51.58],[125.13,51.62],[125.06,51.53],[124.82,51.37],[124.67,51.34],[124.5,51.36],[124.35,51.28],[124.16,51.33],[124.0,51.3],[123.87,51.31],[123.79,51.23],[123.57,51.2],[123.44,51.27],[123.27,51.27],[123.09,51.31],[122.96,51.39],[122.84,51.51],[122.84,51.57],[122.71,51.7],[122.75,51.85],[122.64,52.09],[122.78,52.2],[122.73,52.25],[122.49,52.29],[122.34,52.45],[122.17,52.48],[122.02,52.28],[121.83,52.27],[121.69,52.39],[121.49,52.44],[121.17,52.59],[121.5,52.77],[121.69,52.91],[121.8,53.02],[121.61,53.24],[121.41,53.32]]]}},{"type":"Feature","properties":{"country":"India","name":"Telangana","slug":"telangana","iso":"IN-TG"},"geometry":{"type":"Polygon","coordinates":[[[77.45,15.95],[77.48,16.0],[77.49,16.26],[77.53,16.36],[77.29,16.41],[77.26,16.45],[77.37,16.52],[77.43,16.59],[77.41,16.72],[77.43,16.93],[77.47,17.04],[77.37,17.22],[77.6,17.49],[77.58,17.58],[77.49,17.58],[77.41,17.63],[77.46,17.71],[77.53,17.75],[77.5,17.81],[77.62,17.93],[77.62,17.99],[77.56,18.07],[77.6,18.11],[77.55,18.31],[77.5,18.38],[77.59,18.55],[77.68,18.57],[77.7,18.67],[77.78,18.7],[77.84,18.81],[77.91,18.84],[77.75,19.05],[77.83,19.12],[77.86,19.23],[77.92,19.33],[77.99,19.32],[78.06,19.26],[78.17,19.26],[78.17,19.37],[78.24,19.46],[78.3,19.48],[78.33,19.64],[78.38,19.68],[78.32,19.86],[78.38,19.87],[78.48,19.8],[78.53,19.82],[78.71,19.77],[78.78,19.78],[78.85,19.72],[78.87,19.65],[79.02,19.54],[79.06,19.55],[79.2,19.46],[79.27,19.59],[79.42,19.54],[79.54,19.53],[79.74,19.6],[79.8,19.59],[79.86,19.51],[79.93,19.48],[79.97,19.4],[79.93,19.21],[79.94,19.17],[79.86,19.08],[79.93,19.05],[79.96,18.87],[80.0,18.79],[80.09,18.7],[80.27,18.71],[80.32,18.64],[80.41,18.59],[80.5,18.6],[80.58,18.54],[80.7,18.41],[80.77,18.23],[80.85,18.2],[80.94,18.09],[80.98,17.96],[80.99,17.84],[81.04,17.78],[81.15,17.84],[81.25,17.8],[81.39,17.81],[81.58,17.8],[81.76,17.91],[81.78,17.83],[81.63,17.76],[81.54,17.64],[81.47,17.42],[81.41,17.37],[81.21,17.32],[81.14,17.25],[80.99,17.22],[80.89,17.16],[80.83,17.05],[80.67,17.08],[80.59,17.14],[80.5,17.11],[80.38,16.98],[80.47,16.94],[80.59,16.93],[80.51,16.79],[80.35,16.86],[80.28,17.0],[80.22,17.03],[80.08,16.97],[80.0,16.87],[80.07,16.82],[80.04,16.74],[79.96,16.63],[79.88,16.7],[79.75,16.72],[79.72,16.69],[79.5,16.64],[79.41,16.59],[79.27,16.57],[79.21,16.49],[79.23,16.33],[79.21,16.24],[79.16,16.22],[79.02,16.25],[78.84,16.12],[78.84,16.07],[78.73,16.03],[78.5,16.09],[78.4,16.08],[78.26,16.01],[78.24,15.95],[78.09,15.83],[77.89,15.92],[77.85,15.89],[77.64,15.9],[77.45,15.95]]]}},{"type":"Feature","properties":{"country":"India","name":"Ladakh","slug":"ladakh","iso":"IN-LA"},"geometry":{"type":"Polygon","coordinates":[[[77.8,35.5],[77.81,35.48],[77.85,35.46],[77.89,35.45],[77.95,35.47],[78.01,35.49],[78.04,35.48],[78.05,35.45],[78.01,35.31],[78.01,35.25],[78.08,35.13],[78.16,34.95],[78.24,34.77],[78.28,34.65],[78.33,34.61],[78.52,34.56],[78.67,34.52],[78.76,34.45],[78.86,34.39],[78.94,34.35],[78.95,34.34],[78.97,34.3],[78.98,34.26],[78.97,34.23],[78.93,34.19],[78.75,34.09],[78.73,34.06],[78.73,34.01],[78.76,33.89],[78.78,33.81],[78.79,33.65],[78.8,33.5],[78.87,33.43],[78.92,33.39],[78.95,33.35],[79.01,33.29],[79.07,33.25],[79.11,33.23],[79.12,33.23],[79.36,33.17],[79.38,33.15],[79.34,33.03],[79.33,32.98],[79.44,32.83],[79.5,32.73],[79.49,32.69],[79.47,32.64],[79.38,32.57],[79.29,32.51],[79.22,32.5],[79.22,32.5],[79.17,32.5],[79.13,32.48],[79.07,32.39],[79.0,32.37],[78.92,32.36],[78.84,32.41],[78.77,32.47],[78.75,32.5],[78.74,32.56],[78.7,32.6],[78.63,32.58],[78.53,32.57],[78.41,32.56],[78.39,32.54],[78.39,32.53],[78.27,32.5],[78.3,32.6],[78.37,32.65],[78.37,32.77],[78.25,32.7],[78.11,32.67],[78.01,32.61],[77.94,32.7],[77.93,32.76],[77.86,32.87],[77.72,33.01],[77.54,32.92],[77.35,32.87],[77.14,32.93],[76.96,33.03],[76.74,33.2],[76.65,33.35],[76.49,33.5],[76.25,33.57],[76.24,33.73],[76.17,33.87],[76.02,33.98],[75.88,33.96],[75.74,34.07],[75.66,34.2],[75.58,34.21],[75.47,34.28],[75.37,34.37],[75.35,34.57],[75.45,34.54],[75.61,34.5],[75.71,34.5],[75.86,34.56],[75.94,34.61],[76.04,34.67],[76.17,34.67],[76.46,34.76],[76.51,34.74],[76.59,34.74],[76.7,34.79],[76.75,34.85],[76.76,34.88],[76.78,34.9],[76.89,34.94],[77.0,34.99],[77.03,35.06],[77.05,35.11],[77.17,35.17],[77.29,35.24],[77.42,35.3],[77.57,35.38],[77.7,35.44],[77.8,35.5]]]}},{"type":"Feature","properties":{"country":"India","name":"Chandigarh","slug":"chandigarh","iso":"IN-CH"},"geometry":{"type":"Polygon","coordinates":[[[76.81,30.79],[76.83,30.68],[76.78,30.68],[76.7,30.78],[76.81,30.79]]]}},{"type":"Feature","properties":{"country":"India","name":"Delhi","slug":"delhi","iso":"IN-DL"},"geometry":{"type":"Polygon","coordinates":[[[77.33,28.52],[77.27,28.51],[77.19,28.43],[77.1,28.48],[77.07,28.53],[76.87,28.52],[76.84,28.59],[76.95,28.7],[76.94,28.81],[77.07,28.88],[77.2,28.88],[77.23,28.78],[77.31,28.72],[77.34,28.63],[77.33,28.52]]]}},{"type":"Feature","properties":{"country":"India","name":"Himachal Pradesh","slug":"himachal-pradesh","iso":"IN-HP"},"geometry":{"type":"Polygon","coordinates":[[[78.39,32.53],[78.39,32.52],[78.42,32.47],[78.44,32.4],[78.46,32.3],[78.49,32.24],[78.49,32.23],[78.5,32.22],[78.68,32.02],[78.73,31.98],[78.74,31.96],[78.72,31.89],[78.72,31.88],[78.69,31.81],[78.69,31.74],[78.75,31.67],[78.8,31.62],[78.76,31.55],[78.73,31.47],[78.76,31.44],[78.74,31.32],[78.76,31.3],[78.79,31.29],[78.84,31.3],[78.84,31.3],[78.87,31.31],[78.99,31.16],[78.87,31.12],[78.79,31.21],[78.58,31.23],[78.5,31.22],[78.37,31.29],[78.28,31.29],[78.04,31.17],[77.94,31.17],[77.81,31.05],[77.79,30.93],[77.71,30.79],[77.81,30.52],[77.59,30.38],[77.3,30.46],[77.15,30.54],[77.15,30.66],[77.12,30.72],[77.0,30.78],[76.91,30.9],[76.77,30.91],[76.65,31.0],[76.56,31.28],[76.43,31.32],[76.37,31.42],[76.28,31.31],[76.16,31.34],[76.07,31.56],[75.92,31.81],[75.96,31.85],[75.88,31.97],[75.71,32.05],[75.6,32.07],[75.64,32.15],[75.62,32.26],[75.69,32.27],[75.91,32.43],[75.85,32.52],[75.92,32.62],[75.91,32.77],[75.8,32.9],[75.83,32.94],[75.97,32.91],[76.1,33.01],[76.22,33.05],[76.29,33.15],[76.4,33.2],[76.56,33.23],[76.63,33.19],[76.74,33.2],[76.96,33.03],[77.14,32.93],[77.35,32.87],[77.54,32.92],[77.72,33.01],[77.86,32.87],[77.93,32.76],[77.94,32.7],[78.01,32.61],[78.11,32.67],[78.25,32.7],[78.37,32.77],[78.37,32.65],[78.3,32.6],[78.27,32.5],[78.39,32.53]]]}},{"type":"Feature","properties":{"country":"India","name":"Haryana","slug":"haryana","iso":"IN-HR"},"geometry":{"type":"Polygon","coordinates":[[[77.2,28.88],[77.07,28.88],[76.94,28.81],[76.95,28.7],[76.84,28.59],[76.87,28.52],[77.07,28.53],[77.1,28.48],[77.19,28.43],[77.27,28.51],[77.33,28.52],[77.5,28.39],[77.47,28.32],[77.53,28.25],[77.47,28.05],[77.53,27.97],[77.48,27.9],[77.42,27.89],[77.28,27.81],[77.04,27.81],[76.97,27.68],[76.9,27.73],[76.94,27.85],[76.92,28.03],[76.94,28.12],[76.86,28.23],[76.65,28.09],[76.66,28.02],[76.55,27.97],[76.45,28.16],[76.37,28.16],[76.27,28.08],[76.16,28.06],[76.18,27.91],[76.22,27.84],[76.0,27.84],[75.93,27.92],[75.99,28.05],[75.96,28.14],[76.03,28.19],[76.03,28.26],[75.89,28.4],[75.7,28.52],[75.59,28.64],[75.49,28.93],[75.52,29.0],[75.45,29.02],[75.39,29.11],[75.39,29.25],[75.33,29.3],[75.25,29.26],[75.11,29.24],[74.97,29.28],[74.91,29.38],[74.82,29.4],[74.76,29.36],[74.61,29.33],[74.54,29.44],[74.6,29.47],[74.57,29.59],[74.6,29.73],[74.51,29.74],[74.47,29.8],[74.55,29.86],[74.52,29.95],[74.65,29.91],[74.71,29.97],[74.82,29.98],[74.9,29.95],[75.0,29.87],[75.07,29.89],[75.11,29.82],[75.19,29.83],[75.24,29.75],[75.17,29.69],[75.23,29.56],[75.3,29.57],[75.31,29.66],[75.45,29.81],[75.6,29.76],[75.72,29.78],[75.79,29.83],[75.89,29.75],[75.96,29.74],[76.23,29.87],[76.18,29.95],[76.27,30.11],[76.43,30.14],[76.53,30.08],[76.62,30.14],[76.61,30.27],[76.71,30.34],[76.75,30.43],[76.9,30.38],[76.89,30.63],[76.83,30.68],[76.81,30.79],[76.83,30.84],[76.77,30.91],[76.91,30.9],[77.0,30.78],[77.12,30.72],[77.15,30.66],[77.15,30.54],[77.3,30.46],[77.59,30.38],[77.57,30.28],[77.28,30.04],[77.23,29.98],[77.18,29.8],[77.09,29.66],[77.06,29.57],[77.15,29.4],[77.13,29.28],[77.14,29.13],[77.2,29.0],[77.2,28.88]]]}},{"type":"Feature","properties":{"country":"India","name":"Jammu and Kashmir","slug":"jammu-and-kashmir","iso":"IN-JK"},"geometry":{"type":"Polygon","coordinates":[[[75.35,34.57],[75.37,34.37],[75.47,34.28],[75.58,34.21],[75.66,34.2],[75.74,34.07],[75.88,33.96],[76.02,33.98],[76.17,33.87],[76.24,33.73],[76.25,33.57],[76.49,33.5],[76.65,33.35],[76.74,33.2],[76.63,33.19],[76.56,33.23],[76.4,33.2],[76.29,33.15],[76.22,33.05],[76.1,33.01],[75.97,32.91],[75.83,32.94],[75.8,32.9],[75.91,32.77],[75.92,32.62],[75.85,32.52],[75.74,32.46],[75.68,32.4],[75.61,32.4],[75.5,32.3],[75.39,32.34],[75.29,32.33],[75.23,32.37],[75.1,32.42],[74.99,32.46],[74.79,32.46],[74.69,32.49],[74.66,32.52],[74.64,32.61],[74.66,32.76],[74.63,32.77],[74.59,32.75],[74.48,32.77],[74.35,32.77],[74.31,32.81],[74.33,32.86],[74.32,32.93],[74.3,32.99],[74.28,33.01],[74.22,33.02],[74.13,33.08],[74.05,33.14],[74.0,33.19],[73.99,33.22],[73.99,33.24],[74.05,33.3],[74.12,33.38],[74.14,33.46],[74.15,33.51],[74.13,33.55],[74.07,33.59],[74.0,33.63],[73.98,33.67],[73.98,33.72],[74.0,33.79],[74.08,33.84],[74.22,33.89],[74.25,33.95],[74.25,33.99],[74.21,34.0],[74.11,34.0],[73.95,34.02],[73.92,34.04],[73.9,34.08],[73.9,34.11],[73.94,34.14],[73.98,34.19],[73.97,34.24],[73.92,34.29],[73.81,34.33],[73.79,34.38],[73.81,34.42],[73.85,34.49],[73.88,34.53],[73.96,34.65],[74.06,34.68],[74.17,34.72],[74.3,34.77],[74.5,34.73],[74.59,34.72],[74.79,34.68],[74.95,34.65],[75.12,34.64],[75.19,34.64],[75.26,34.6],[75.35,34.57]]]}},{"type":"Feature","properties":{"country":"India","name":"Andhra Pradesh","slug":"andhra-pradesh","iso":"IN-AP"},"geometry":{"type":"Polygon","coordinates":[[[80.23,13.47],[80.1,13.46],[79.96,13.42],[79.96,13.37],[79.82,13.29],[79.78,13.22],[79.7,13.24],[79.67,13.29],[79.57,13.28],[79.54,13.32],[79.45,13.33],[79.42,13.22],[79.31,13.13],[79.25,13.15],[79.16,13.04],[79.08,13.04],[78.94,13.09],[78.74,13.06],[78.64,12.99],[78.58,12.78],[78.42,12.63],[78.35,12.64],[78.23,12.76],[78.29,12.84],[78.42,12.95],[78.52,13.09],[78.57,13.27],[78.38,13.32],[78.35,13.38],[78.37,13.58],[78.18,13.6],[78.07,13.7],[78.1,13.81],[78.03,13.88],[77.92,13.83],[77.88,13.92],[77.73,13.82],[77.59,13.77],[77.5,13.7],[77.44,13.7],[77.38,13.85],[77.29,13.85],[77.15,13.9],[77.1,13.85],[77.13,13.78],[77.03,13.75],[76.96,13.78],[77.01,13.9],[76.94,14.01],[76.94,14.06],[76.87,14.14],[76.97,14.16],[77.0,14.07],[77.11,14.01],[77.29,14.01],[77.33,13.91],[77.39,13.96],[77.33,14.05],[77.37,14.16],[77.47,14.19],[77.46,14.29],[77.38,14.26],[77.28,14.3],[77.26,14.33],[77.11,14.33],[77.05,14.23],[76.91,14.26],[76.86,14.35],[76.93,14.46],[76.83,14.48],[76.75,14.57],[76.76,14.76],[76.8,14.79],[76.82,14.92],[76.72,14.99],[76.76,15.09],[76.95,15.02],[77.08,15.04],[77.13,15.13],[77.1,15.31],[77.03,15.35],[77.0,15.61],[77.08,15.67],[77.03,15.78],[77.03,15.87],[77.14,15.96],[77.23,15.98],[77.45,15.95],[77.64,15.9],[77.85,15.89],[77.89,15.92],[78.09,15.83],[78.24,15.95],[78.26,16.01],[78.4,16.08],[78.5,16.09],[78.73,16.03],[78.84,16.07],[78.84,16.12],[79.02,16.25],[79.16,16.22],[79.21,16.24],[79.23,16.33],[79.21,16.49],[79.27,16.57],[79.41,16.59],[79.5,16.64],[79.72,16.69],[79.75,16.72],[79.88,16.7],[79.96,16.63],[80.04,16.74],[80.07,16.82],[80.0,16.87],[80.08,16.97],[80.22,17.03],[80.28,17.0],[80.35,16.86],[80.51,16.79],[80.59,16.93],[80.47,16.94],[80.38,16.98],[80.5,17.11],[80.59,17.14],[80.67,17.08],[80.83,17.05],[80.89,17.16],[80.99,17.22],[81.14,17.25],[81.21,17.32],[81.41,17.37],[81.47,17.42],[81.54,17.64],[81.63,17.76],[81.78,17.83],[81.76,17.91],[81.92,18.0],[82.04,18.04],[82.13,18.04],[82.24,17.99],[82.33,18.04],[82.35,18.16],[82.31,18.19],[82.36,18.29],[82.37,18.41],[82.45,18.52],[82.5,18.51],[82.51,18.42],[82.6,18.33],[82.59,18.24],[82.78,18.36],[82.78,18.42],[82.88,18.41],[82.9,18.36],[83.04,18.39],[83.04,18.47],[83.08,18.53],[83.03,18.64],[83.13,18.76],[83.2,18.74],[83.39,18.87],[83.33,18.93],[83.34,19.0],[83.42,18.96],[83.49,19.05],[83.57,19.07],[83.61,19.13],[83.71,19.0],[83.8,19.0],[83.85,18.86],[83.9,18.81],[84.07,18.82],[84.15,18.79],[84.32,18.81],[84.46,18.95],[84.53,19.03],[84.64,19.1],[84.69,19.16],[84.77,19.12],[84.75,19.05],[84.69,18.96],[84.61,18.88],[84.46,18.69],[84.18,18.4],[84.1,18.29],[83.65,18.07],[83.57,18.0],[83.39,17.79],[83.2,17.61],[82.98,17.46],[82.59,17.27],[82.36,17.1],[82.29,16.98],[82.28,16.94],[82.31,16.88],[82.35,16.83],[82.36,16.78],[82.34,16.71],[82.33,16.66],[82.26,16.56],[82.14,16.49],[81.76,16.33],[81.71,16.33],[81.4,16.37],[81.29,16.34],[81.24,16.26],[81.13,15.96],[81.03,15.88],[80.99,15.81],[80.98,15.76],[80.92,15.76],[80.86,15.78],[80.83,15.77],[80.78,15.87],[80.71,15.89],[80.65,15.9],[80.38,15.79],[80.29,15.71],[80.1,15.32],[80.05,15.07],[80.1,14.8],[80.17,14.58],[80.18,14.48],[80.17,14.35],[80.14,14.29],[80.11,14.21],[80.14,14.06],[80.22,13.86],[80.24,13.77],[80.25,13.69],[80.29,13.53],[80.28,13.51],[80.27,13.52],[80.23,13.61],[80.16,13.71],[80.06,13.61],[80.11,13.53],[80.23,13.47]]]}},{"type":"Feature","properties":{"country":"India","name":"Kerala","slug":"kerala","iso":"IN-KL"},"geometry":{"type":"Polygon","coordinates":[[[74.89,12.75],[75.1,12.68],[75.31,12.47],[75.39,12.29],[75.43,12.29],[75.54,12.17],[75.63,12.1],[75.76,12.07],[75.78,12.01],[75.85,11.95],[75.96,11.93],[76.06,11.96],[76.12,11.86],[76.18,11.86],[76.32,11.75],[76.39,11.74],[76.42,11.67],[76.34,11.59],[76.24,11.6],[76.26,11.48],[76.41,11.44],[76.5,11.38],[76.53,11.31],[76.47,11.21],[76.64,11.21],[76.72,11.14],[76.69,10.93],[76.82,10.88],[76.89,10.78],[76.88,10.68],[76.82,10.63],[76.81,10.44],[76.84,10.31],[76.93,10.24],[76.99,10.23],[77.06,10.3],[77.19,10.35],[77.28,10.21],[77.22,10.06],[77.26,9.96],[77.23,9.86],[77.24,9.76],[77.19,9.61],[77.26,9.56],[77.34,9.58],[77.4,9.5],[77.31,9.3],[77.25,9.12],[77.16,9.0],[77.2,8.89],[77.25,8.86],[77.24,8.78],[77.18,8.7],[77.2,8.61],[77.28,8.53],[77.17,8.34],[77.11,8.28],[77.07,8.32],[76.97,8.41],[76.62,8.85],[76.55,8.9],[76.48,9.09],[76.47,9.16],[76.45,9.19],[76.42,9.21],[76.4,9.24],[76.32,9.45],[76.29,9.68],[76.24,9.93],[76.28,9.91],[76.34,9.83],[76.37,9.71],[76.38,9.54],[76.42,9.52],[76.46,9.54],[76.35,9.92],[76.25,10.02],[76.22,10.02],[76.2,10.09],[76.19,10.16],[76.2,10.2],[76.12,10.33],[76.1,10.4],[75.92,10.78],[75.84,11.06],[75.72,11.36],[75.65,11.47],[75.52,11.7],[75.42,11.81],[75.31,11.96],[75.23,12.02],[75.23,12.02],[75.2,12.06],[74.95,12.56],[74.89,12.75]]]}},{"type":"Feature","properties":{"country":"India","name":"Lakshadweep","slug":"lakshadweep","iso":"IN-LD"},"geometry":{"type":"MultiPolygon","coordinates":[[[[73.05,8.26],[73.04,8.25],[73.03,8.25],[73.02,8.27],[73.03,8.28],[73.04,8.26],[73.06,8.27],[73.08,8.31],[73.08,8.32],[73.08,8.31],[73.08,8.29],[73.07,8.27],[73.05,8.26]]],[[[72.79,11.22],[72.78,11.2],[72.77,11.2],[72.77,11.21],[72.78,11.24],[72.79,11.26],[72.8,11.26],[72.79,11.24],[72.79,11.22]]]]}},{"type":"Feature","properties":{"country":"India","name":"Odisha","slug":"odisha","iso":"IN-OR"},"geometry":{"type":"Polygon","coordinates":[[[87.48,21.61],[87.2,21.54],[87.1,21.5],[86.95,21.37],[86.86,21.24],[86.84,21.11],[86.9,20.97],[86.94,20.75],[86.98,20.7],[86.92,20.62],[86.84,20.53],[86.76,20.42],[86.77,20.36],[86.75,20.31],[86.5,20.17],[86.45,20.09],[86.38,20.01],[86.29,20.05],[86.25,20.05],[86.31,19.99],[86.3,19.94],[86.28,19.92],[86.22,19.9],[85.85,19.79],[85.58,19.69],[85.5,19.7],[85.51,19.73],[85.56,19.75],[85.56,19.87],[85.5,19.89],[85.46,19.9],[85.25,19.76],[85.16,19.62],[85.18,19.59],[85.23,19.6],[85.37,19.68],[85.44,19.66],[85.44,19.63],[85.23,19.51],[84.77,19.13],[84.77,19.12],[84.69,19.16],[84.64,19.1],[84.53,19.03],[84.46,18.95],[84.32,18.81],[84.15,18.79],[84.07,18.82],[83.9,18.81],[83.85,18.86],[83.8,19.0],[83.71,19.0],[83.61,19.13],[83.57,19.07],[83.49,19.05],[83.42,18.96],[83.34,19.0],[83.33,18.93],[83.39,18.87],[83.2,18.74],[83.13,18.76],[83.03,18.64],[83.08,18.53],[83.04,18.47],[83.04,18.39],[82.9,18.36],[82.88,18.41],[82.78,18.42],[82.78,18.36],[82.59,18.24],[82.6,18.33],[82.51,18.42],[82.5,18.51],[82.45,18.52],[82.37,18.41],[82.36,18.29],[82.31,18.19],[82.35,18.16],[82.33,18.04],[82.24,17.99],[82.13,18.04],[82.04,18.04],[81.92,18.0],[81.76,17.91],[81.58,17.8],[81.39,17.81],[81.44,17.88],[81.54,18.26],[81.64,18.29],[81.74,18.36],[81.79,18.44],[81.91,18.54],[81.9,18.62],[81.97,18.69],[82.14,18.75],[82.17,18.88],[82.22,18.92],[82.22,19.02],[82.15,19.24],[82.17,19.39],[82.03,19.52],[82.03,19.78],[81.82,19.91],[81.87,20.05],[81.94,20.1],[82.05,20.02],[82.1,20.05],[82.23,19.96],[82.29,19.84],[82.38,19.89],[82.68,19.82],[82.7,20.0],[82.61,19.99],[82.42,20.07],[82.43,20.16],[82.42,20.43],[82.34,20.56],[82.37,20.66],[82.34,20.86],[82.45,20.85],[82.56,20.95],[82.67,21.16],[82.96,21.18],[83.08,21.11],[83.2,21.17],[83.28,21.36],[83.36,21.34],[83.38,21.4],[83.33,21.5],[83.35,21.58],[83.44,21.72],[83.47,21.81],[83.56,21.83],[83.57,21.92],[83.52,21.96],[83.55,22.1],[83.61,22.2],[83.73,22.26],[83.84,22.35],[83.95,22.37],[84.0,22.44],[83.97,22.54],[84.07,22.5],[84.15,22.39],[84.31,22.32],[84.42,22.33],[84.53,22.42],[84.73,22.43],[84.8,22.45],[84.91,22.42],[85.07,22.5],[85.1,22.39],[85.09,22.28],[84.99,22.11],[85.11,22.11],[85.23,22.04],[85.32,22.13],[85.43,22.16],[85.55,22.11],[85.68,22.08],[85.79,22.13],[85.78,22.01],[85.83,21.99],[85.92,22.02],[85.97,22.1],[85.96,22.24],[85.99,22.39],[85.94,22.5],[86.04,22.56],[86.1,22.5],[86.27,22.42],[86.37,22.33],[86.49,22.34],[86.69,22.22],[86.83,22.12],[86.99,22.07],[86.99,21.97],[87.06,21.91],[87.11,21.97],[87.19,21.96],[87.23,21.85],[87.28,21.81],[87.41,21.79],[87.48,21.61]]]}},{"type":"Feature","properties":{"country":"India","name":"Dadra and Nagar Haveli and Daman and Diu","slug":"dadra-and-nagar-haveli-and-daman-and-diu","iso":"IN-DH"},"geometry":{"type":"Polygon","coordinates":[[[73.17,20.11],[73.16,20.05],[73.0,20.04],[72.95,20.13],[72.9,20.22],[73.05,20.33],[73.11,20.25],[73.05,20.22],[73.04,20.16],[73.17,20.11]]]}},{"type":"Feature","properties":{"country":"India","name":"Karnataka","slug":"karnataka","iso":"IN-KA"},"geometry":{"type":"Polygon","coordinates":[[[74.89,12.75],[74.87,12.84],[74.8,12.98],[74.77,13.08],[74.68,13.51],[74.68,13.58],[74.67,13.67],[74.61,13.85],[74.5,14.05],[74.47,14.17],[74.47,14.22],[74.4,14.41],[74.38,14.49],[74.34,14.58],[74.28,14.65],[74.22,14.71],[74.1,14.89],[74.24,14.96],[74.26,15.1],[74.29,15.19],[74.24,15.24],[74.3,15.29],[74.24,15.47],[74.26,15.52],[74.23,15.63],[74.1,15.64],[74.19,15.77],[74.22,15.73],[74.33,15.76],[74.35,15.87],[74.43,15.99],[74.42,16.1],[74.47,16.11],[74.45,16.25],[74.37,16.29],[74.29,16.53],[74.35,16.54],[74.43,16.64],[74.52,16.62],[74.56,16.55],[74.67,16.61],[74.68,16.71],[74.87,16.78],[74.84,16.85],[74.92,16.89],[74.96,16.95],[75.04,16.95],[75.17,16.87],[75.24,16.9],[75.26,16.96],[75.37,16.98],[75.45,16.96],[75.55,17.01],[75.62,16.97],[75.65,17.09],[75.61,17.16],[75.62,17.22],[75.55,17.37],[75.61,17.47],[75.78,17.37],[75.87,17.42],[75.94,17.33],[76.09,17.38],[76.21,17.39],[76.34,17.35],[76.32,17.62],[76.39,17.64],[76.51,17.77],[76.59,17.77],[76.68,17.71],[76.76,17.83],[76.74,17.9],[76.84,17.88],[76.89,17.97],[76.89,18.14],[76.95,18.18],[77.09,18.2],[77.12,18.25],[77.23,18.33],[77.23,18.41],[77.3,18.46],[77.35,18.35],[77.46,18.28],[77.55,18.31],[77.6,18.11],[77.56,18.07],[77.62,17.99],[77.62,17.93],[77.5,17.81],[77.53,17.75],[77.46,17.71],[77.41,17.63],[77.49,17.58],[77.58,17.58],[77.6,17.49],[77.37,17.22],[77.47,17.04],[77.43,16.93],[77.41,16.72],[77.43,16.59],[77.37,16.52],[77.26,16.45],[77.29,16.41],[77.53,16.36],[77.49,16.26],[77.48,16.0],[77.45,15.95],[77.23,15.98],[77.14,15.96],[77.03,15.87],[77.03,15.78],[77.08,15.67],[77.0,15.61],[77.03,15.35],[77.1,15.31],[77.13,15.13],[77.08,15.04],[76.95,15.02],[76.76,15.09],[76.72,14.99],[76.82,14.92],[76.8,14.79],[76.76,14.76],[76.75,14.57],[76.83,14.48],[76.93,14.46],[76.86,14.35],[76.91,14.26],[77.05,14.23],[77.11,14.33],[77.26,14.33],[77.28,14.3],[77.38,14.26],[77.46,14.29],[77.47,14.19],[77.37,14.16],[77.33,14.05],[77.39,13.96],[77.33,13.91],[77.29,14.01],[77.11,14.01],[77.0,14.07],[76.97,14.16],[76.87,14.14],[76.94,14.06],[76.94,14.01],[77.01,13.9],[76.96,13.78],[77.03,13.75],[77.13,13.78],[77.1,13.85],[77.15,13.9],[77.29,13.85],[77.38,13.85],[77.44,13.7],[77.5,13.7],[77.59,13.77],[77.73,13.82],[77.88,13.92],[77.92,13.83],[78.03,13.88],[78.1,13.81],[78.07,13.7],[78.18,13.6],[78.37,13.58],[78.35,13.38],[78.38,13.32],[78.57,13.27],[78.52,13.09],[78.42,12.95],[78.29,12.84],[78.23,12.76],[78.06,12.85],[78.0,12.81],[77.9,12.87],[77.8,12.86],[77.77,12.72],[77.61,12.67],[77.57,12.56],[77.62,12.47],[77.56,12.34],[77.47,12.27],[77.49,12.21],[77.67,12.2],[77.77,12.12],[77.67,11.97],[77.49,11.93],[77.43,11.81],[77.35,11.78],[77.26,11.82],[77.12,11.79],[77.08,11.76],[77.0,11.83],[76.91,11.8],[76.82,11.63],[76.75,11.64],[76.61,11.63],[76.53,11.71],[76.47,11.71],[76.42,11.67],[76.39,11.74],[76.32,11.75],[76.18,11.86],[76.12,11.86],[76.06,11.96],[75.96,11.93],[75.85,11.95],[75.78,12.01],[75.76,12.07],[75.63,12.1],[75.54,12.17],[75.43,12.29],[75.39,12.29],[75.31,12.47],[75.1,12.68],[74.89,12.75]]]}},{"type":"Feature","properties":{"country":"India","name":"Goa","slug":"goa","iso":"IN-GA"},"geometry":{"type":"Polygon","coordinates":[[[73.68,15.71],[73.81,15.77],[73.91,15.72],[73.94,15.63],[73.99,15.61],[74.1,15.64],[74.1,15.64],[74.1,15.64],[74.23,15.63],[74.26,15.52],[74.24,15.47],[74.3,15.29],[74.24,15.24],[74.29,15.19],[74.26,15.1],[74.24,14.96],[74.1,14.89],[74.09,14.9],[74.04,14.95],[73.95,15.07],[73.88,15.31],[73.8,15.4],[73.93,15.4],[73.85,15.48],[73.81,15.54],[73.77,15.57],[73.83,15.66],[73.73,15.66],[73.68,15.71],[73.68,15.71]]]}},{"type":"Feature","properties":{"country":"India","name":"Andaman and Nicobar","slug":"andaman-and-nicobar","iso":"IN-AN"},"geometry":{"type":"MultiPolygon","coordinates":[[[[93.02,13.34],[93.07,13.25],[93.07,13.22],[93.04,13.15],[93.0,13.09],[92.95,13.06],[92.91,12.98],[92.89,12.94],[92.97,12.85],[92.99,12.54],[92.93,12.45],[92.86,12.44],[92.88,12.23],[92.87,12.18],[92.8,12.08],[92.79,12.03],[92.75,11.99],[92.76,11.94],[92.8,11.92],[92.8,11.87],[92.77,11.76],[92.76,11.64],[92.72,11.54],[92.7,11.51],[92.67,11.54],[92.58,11.72],[92.56,11.83],[92.53,11.87],[92.57,11.93],[92.61,11.95],[92.63,12.01],[92.64,12.11],[92.68,12.19],[92.69,12.21],[92.77,12.22],[92.79,12.23],[92.78,12.3],[92.73,12.34],[92.72,12.36],[92.72,12.54],[92.73,12.62],[92.76,12.67],[92.74,12.78],[92.75,12.82],[92.81,12.88],[92.83,13.0],[92.81,13.04],[92.86,13.23],[92.86,13.36],[92.92,13.49],[93.03,13.54],[93.06,13.55],[93.07,13.44],[93.08,13.4],[93.02,13.34]]],[[[93.02,12.04],[93.06,11.9],[92.98,11.96],[92.96,12.0],[93.0,12.03],[93.02,12.04]]],[[[92.68,12.94],[92.69,12.96],[92.71,12.96],[92.73,12.95],[92.72,12.86],[92.69,12.8],[92.68,12.94]]],[[[92.51,10.9],[92.55,10.8],[92.57,10.7],[92.5,10.55],[92.47,10.52],[92.37,10.55],[92.38,10.65],[92.35,10.75],[92.37,10.79],[92.45,10.87],[92.51,10.9]]],[[[92.69,11.46],[92.69,11.41],[92.69,11.38],[92.64,11.36],[92.6,11.39],[92.63,11.43],[92.64,11.51],[92.69,11.46]]],[[[93.38,8.02],[93.43,7.95],[93.45,7.9],[93.44,7.88],[93.37,7.88],[93.34,7.92],[93.31,7.96],[93.33,8.01],[93.38,8.02]]],[[[92.71,9.2],[92.74,9.23],[92.76,9.24],[92.79,9.24],[92.81,9.17],[92.79,9.14],[92.74,9.13],[92.72,9.17],[92.71,9.2]]],[[[93.65,7.38],[93.69,7.41],[93.73,7.36],[93.64,7.26],[93.6,7.32],[93.61,7.36],[93.65,7.38]]],[[[93.1,8.35],[93.14,8.25],[93.17,8.21],[93.12,8.22],[93.06,8.27],[93.08,8.33],[93.1,8.35]]],[[[93.86,7.21],[93.93,6.97],[93.89,6.83],[93.83,6.75],[93.71,7.0],[93.66,7.02],[93.66,7.14],[93.68,7.18],[93.82,7.24],[93.86,7.21]]]]}},{"type":"Feature","properties":{"country":"India","name":"Assam","slug":"assam","iso":"IN-AS"},"geometry":{"type":"Polygon","coordinates":[[[89.86,26.71],[89.94,26.72],[90.12,26.75],[90.21,26.85],[90.24,26.85],[90.35,26.89],[90.45,26.85],[90.56,26.8],[90.62,26.78],[90.74,26.77],[90.86,26.78],[91.13,26.8],[91.29,26.79],[91.43,26.87],[91.46,26.87],[91.52,26.81],[91.67,26.8],[91.75,26.83],[91.84,26.85],[91.9,26.86],[91.94,26.86],[92.0,26.85],[92.05,26.87],[92.07,26.91],[92.07,26.92],[92.21,26.91],[92.63,27.02],[92.7,27.07],[92.81,27.05],[93.02,26.95],[93.38,26.99],[93.46,26.95],[93.69,27.01],[93.83,27.1],[93.85,27.2],[93.98,27.33],[94.24,27.53],[94.24,27.65],[94.35,27.59],[94.47,27.59],[94.8,27.7],[94.95,27.77],[95.31,27.9],[95.41,27.87],[95.54,27.9],[95.72,27.99],[95.96,27.99],[95.9,27.87],[95.78,27.72],[95.8,27.62],[95.89,27.56],[95.88,27.46],[95.98,27.45],[96.01,27.37],[95.9,27.28],[95.8,27.29],[95.64,27.23],[95.55,27.27],[95.49,27.25],[95.42,27.14],[95.26,27.05],[95.18,27.03],[95.03,26.93],[94.92,26.95],[94.8,26.81],[94.69,26.74],[94.49,26.68],[94.36,26.5],[94.21,26.48],[94.18,26.37],[94.01,26.18],[93.97,26.04],[93.99,25.95],[93.9,25.86],[93.75,25.96],[93.71,25.87],[93.58,25.76],[93.52,25.69],[93.34,25.54],[93.46,25.38],[93.45,25.3],[93.39,25.24],[93.19,24.81],[93.12,24.81],[93.09,24.71],[93.05,24.44],[93.02,24.4],[92.83,24.38],[92.75,24.47],[92.7,24.36],[92.63,24.3],[92.62,24.24],[92.49,24.13],[92.42,24.24],[92.3,24.24],[92.22,24.26],[92.26,24.4],[92.22,24.5],[92.14,24.55],[92.2,24.69],[92.23,24.77],[92.23,24.79],[92.23,24.88],[92.25,24.9],[92.38,24.85],[92.44,24.85],[92.48,24.87],[92.49,24.9],[92.47,24.94],[92.39,25.01],[92.56,25.15],[92.81,25.23],[92.79,25.35],[92.59,25.5],[92.59,25.59],[92.38,25.76],[92.17,25.69],[92.17,25.81],[92.21,25.92],[92.18,25.99],[92.26,26.06],[92.16,26.09],[91.92,26.04],[91.83,26.09],[91.75,26.05],[91.72,25.97],[91.58,26.03],[91.47,25.9],[91.36,25.84],[91.25,25.74],[91.21,25.74],[91.18,25.87],[91.1,25.84],[90.97,25.94],[90.75,25.96],[90.64,25.93],[90.62,25.97],[90.48,26.01],[90.14,25.96],[89.97,25.8],[89.94,25.69],[90.0,25.59],[89.9,25.54],[89.88,25.46],[89.81,25.44],[89.82,25.56],[89.8,25.84],[89.82,25.94],[89.71,26.17],[89.69,26.2],[89.73,26.21],[89.78,26.31],[89.83,26.33],[89.89,26.53],[89.86,26.71]]]}},{"type":"Feature","properties":{"country":"India","name":"Manipur","slug":"manipur","iso":"IN-MN"},"geometry":{"type":"Polygon","coordinates":[[[94.65,25.44],[94.62,25.41],[94.58,25.32],[94.55,25.24],[94.55,25.22],[94.57,25.19],[94.62,25.16],[94.68,25.14],[94.7,25.1],[94.71,25.05],[94.66,24.93],[94.58,24.77],[94.49,24.64],[94.4,24.51],[94.38,24.47],[94.29,24.32],[94.22,24.11],[94.17,23.97],[94.13,23.88],[94.07,23.87],[94.01,23.9],[93.86,23.94],[93.76,23.98],[93.68,24.01],[93.63,24.01],[93.56,23.99],[93.49,23.97],[93.45,23.99],[93.36,24.07],[93.33,24.06],[93.31,24.03],[93.25,24.06],[93.11,24.04],[93.0,24.1],[93.02,24.4],[93.05,24.44],[93.09,24.71],[93.12,24.81],[93.19,24.81],[93.39,25.24],[93.45,25.3],[93.61,25.21],[93.68,25.33],[93.81,25.45],[93.8,25.54],[94.03,25.55],[94.21,25.5],[94.33,25.51],[94.56,25.68],[94.55,25.49],[94.65,25.44]]]}},{"type":"Feature","properties":{"country":"India","name":"Nagaland","slug":"nagaland","iso":"IN-NL"},"geometry":{"type":"Polygon","coordinates":[[[95.25,26.65],[95.2,26.64],[95.13,26.6],[95.09,26.53],[95.06,26.47],[95.05,26.35],[95.07,26.19],[95.11,26.09],[95.13,26.07],[95.13,26.04],[95.09,25.99],[95.04,25.94],[95.02,25.91],[94.99,25.77],[94.95,25.7],[94.86,25.6],[94.79,25.52],[94.67,25.46],[94.65,25.44],[94.55,25.49],[94.56,25.68],[94.33,25.51],[94.21,25.5],[94.03,25.55],[93.8,25.54],[93.81,25.45],[93.68,25.33],[93.61,25.21],[93.45,25.3],[93.46,25.38],[93.34,25.54],[93.52,25.69],[93.58,25.76],[93.71,25.87],[93.75,25.96],[93.9,25.86],[93.99,25.95],[93.97,26.04],[94.01,26.18],[94.18,26.37],[94.21,26.48],[94.36,26.5],[94.49,26.68],[94.69,26.74],[94.8,26.81],[94.92,26.95],[95.03,26.93],[95.18,27.03],[95.23,26.97],[95.2,26.87],[95.24,26.79],[95.25,26.65]]]}},{"type":"Feature","properties":{"country":"India","name":"Meghalaya","slug":"meghalaya","iso":"IN-ML"},"geometry":{"type":"Polygon","coordinates":[[[92.39,25.01],[92.37,25.02],[92.2,25.11],[92.05,25.17],[91.76,25.16],[91.48,25.14],[91.4,25.15],[91.29,25.18],[91.04,25.17],[90.73,25.16],[90.61,25.17],[90.56,25.17],[90.44,25.16],[90.25,25.18],[90.12,25.22],[90.0,25.26],[89.87,25.29],[89.83,25.29],[89.81,25.31],[89.8,25.34],[89.8,25.38],[89.81,25.44],[89.88,25.46],[89.9,25.54],[90.0,25.59],[89.94,25.69],[89.97,25.8],[90.14,25.96],[90.48,26.01],[90.62,25.97],[90.64,25.93],[90.75,25.96],[90.97,25.94],[91.1,25.84],[91.18,25.87],[91.21,25.74],[91.25,25.74],[91.36,25.84],[91.47,25.9],[91.58,26.03],[91.72,25.97],[91.75,26.05],[91.83,26.09],[91.92,26.04],[92.16,26.09],[92.26,26.06],[92.18,25.99],[92.21,25.92],[92.17,25.81],[92.17,25.69],[92.38,25.76],[92.59,25.59],[92.59,25.5],[92.79,25.35],[92.81,25.23],[92.56,25.15],[92.39,25.01]]]}},{"type":"Feature","properties":{"country":"India","name":"Punjab","slug":"punjab","iso":"IN-PB"},"geometry":{"type":"Polygon","coordinates":[[[75.29,32.33],[75.39,32.34],[75.5,32.3],[75.61,32.4],[75.68,32.4],[75.74,32.46],[75.85,32.52],[75.91,32.43],[75.69,32.27],[75.62,32.26],[75.64,32.15],[75.6,32.07],[75.71,32.05],[75.88,31.97],[75.96,31.85],[75.92,31.81],[76.07,31.56],[76.16,31.34],[76.28,31.31],[76.37,31.42],[76.43,31.32],[76.56,31.28],[76.65,31.0],[76.77,30.91],[76.83,30.84],[76.81,30.79],[76.7,30.78],[76.78,30.68],[76.83,30.68],[76.89,30.63],[76.9,30.38],[76.75,30.43],[76.71,30.34],[76.61,30.27],[76.62,30.14],[76.53,30.08],[76.43,30.14],[76.27,30.11],[76.18,29.95],[76.23,29.87],[75.96,29.74],[75.89,29.75],[75.79,29.83],[75.72,29.78],[75.6,29.76],[75.45,29.81],[75.31,29.66],[75.3,29.57],[75.23,29.56],[75.17,29.69],[75.24,29.75],[75.19,29.83],[75.11,29.82],[75.07,29.89],[75.0,29.87],[74.9,29.95],[74.82,29.98],[74.71,29.97],[74.65,29.91],[74.52,29.95],[73.92,29.98],[73.9,30.03],[73.97,30.14],[73.93,30.22],[73.92,30.28],[73.88,30.35],[73.89,30.39],[73.9,30.44],[74.01,30.52],[74.22,30.77],[74.34,30.89],[74.38,30.89],[74.51,30.96],[74.63,31.03],[74.63,31.07],[74.61,31.11],[74.54,31.13],[74.52,31.19],[74.53,31.26],[74.59,31.47],[74.58,31.52],[74.51,31.71],[74.53,31.77],[74.56,31.82],[74.64,31.89],[74.74,31.95],[75.07,32.09],[75.14,32.1],[75.25,32.14],[75.32,32.22],[75.33,32.28],[75.3,32.32],[75.3,32.32],[75.29,32.33]]]}},{"type":"Feature","properties":{"country":"India","name":"Rajasthan","slug":"rajasthan","iso":"IN-RJ"},"geometry":{"type":"Polygon","coordinates":[[[71.05,24.69],[71.02,24.76],[70.95,24.89],[70.88,25.06],[70.8,25.21],[70.7,25.33],[70.65,25.42],[70.66,25.63],[70.65,25.67],[70.61,25.69],[70.57,25.71],[70.51,25.69],[70.45,25.68],[70.33,25.69],[70.26,25.71],[70.1,25.91],[70.08,25.99],[70.08,26.07],[70.13,26.21],[70.15,26.35],[70.16,26.47],[70.15,26.51],[70.11,26.55],[70.06,26.58],[69.91,26.59],[69.74,26.63],[69.6,26.7],[69.51,26.74],[69.48,26.77],[69.47,26.8],[69.49,26.95],[69.54,27.12],[69.57,27.17],[69.62,27.23],[69.66,27.26],[69.72,27.31],[69.9,27.47],[70.05,27.69],[70.14,27.85],[70.19,27.89],[70.24,27.93],[70.32,27.98],[70.4,28.03],[70.49,28.02],[70.57,27.98],[70.63,27.94],[70.65,27.84],[70.69,27.77],[70.74,27.73],[70.8,27.71],[70.87,27.71],[71.18,27.83],[71.29,27.86],[71.54,27.87],[71.72,27.92],[71.87,27.96],[71.89,28.05],[71.95,28.18],[72.13,28.35],[72.18,28.42],[72.23,28.57],[72.29,28.7],[72.34,28.75],[72.63,28.9],[72.9,29.03],[72.95,29.09],[73.13,29.36],[73.23,29.55],[73.26,29.61],[73.32,29.77],[73.38,29.93],[73.47,29.97],[73.66,30.03],[73.81,30.09],[73.89,30.16],[73.93,30.22],[73.97,30.14],[73.9,30.03],[73.92,29.98],[74.52,29.95],[74.55,29.86],[74.47,29.8],[74.51,29.74],[74.6,29.73],[74.57,29.59],[74.6,29.47],[74.54,29.44],[74.61,29.33],[74.76,29.36],[74.82,29.4],[74.91,29.38],[74.97,29.28],[75.11,29.24],[75.25,29.26],[75.33,29.3],[75.39,29.25],[75.39,29.11],[75.45,29.02],[75.52,29.0],[75.49,28.93],[75.59,28.64],[75.7,28.52],[75.89,28.4],[76.03,28.26],[76.03,28.19],[75.96,28.14],[75.99,28.05],[75.93,27.92],[76.0,27.84],[76.22,27.84],[76.18,27.91],[76.16,28.06],[76.27,28.08],[76.37,28.16],[76.45,28.16],[76.55,27.97],[76.66,28.02],[76.65,28.09],[76.86,28.23],[76.94,28.12],[76.92,28.03],[76.94,27.85],[76.9,27.73],[76.97,27.68],[77.04,27.81],[77.28,27.81],[77.35,27.54],[77.46,27.39],[77.61,27.32],[77.66,27.2],[77.59,27.13],[77.51,27.11],[77.63,26.97],[77.46,26.9],[77.51,26.83],[77.7,26.93],[77.98,26.9],[78.11,26.95],[78.22,26.94],[78.2,26.82],[78.1,26.8],[78.08,26.68],[78.01,26.7],[77.9,26.66],[77.83,26.58],[77.72,26.51],[77.62,26.48],[77.43,26.37],[77.32,26.35],[77.21,26.24],[77.12,26.24],[77.08,26.19],[76.91,26.1],[76.73,25.92],[76.65,25.92],[76.55,25.85],[76.48,25.72],[76.55,25.46],[76.65,25.38],[76.78,25.33],[76.91,25.31],[77.08,25.35],[77.2,25.36],[77.26,25.43],[77.36,25.41],[77.36,25.26],[77.4,25.21],[77.34,25.11],[77.19,25.13],[77.0,25.09],[76.86,25.03],[76.88,24.9],[76.78,24.84],[76.85,24.76],[76.97,24.74],[77.04,24.67],[77.04,24.54],[76.94,24.5],[76.88,24.56],[76.81,24.56],[76.81,24.36],[76.89,24.24],[76.87,24.18],[76.77,24.16],[76.57,24.27],[76.54,24.22],[76.46,24.27],[76.23,24.28],[76.13,24.33],[76.12,24.13],[76.0,24.05],[76.0,23.98],[75.9,23.92],[75.78,23.88],[75.7,23.79],[75.6,23.82],[75.58,23.88],[75.49,23.94],[75.54,24.04],[75.62,24.0],[75.73,24.0],[75.81,24.12],[75.75,24.19],[75.79,24.25],[75.73,24.42],[75.79,24.49],[75.87,24.51],[75.87,24.6],[75.76,24.78],[75.65,24.74],[75.45,24.7],[75.2,24.72],[75.17,24.76],[75.32,24.96],[75.24,25.04],[75.13,25.04],[75.08,24.89],[74.98,24.86],[74.88,24.92],[74.82,24.92],[74.84,24.8],[74.97,24.79],[74.97,24.69],[74.87,24.67],[74.81,24.74],[74.71,24.52],[74.85,24.44],[74.77,24.36],[74.76,24.26],[74.87,24.24],[74.89,24.13],[74.97,24.03],[74.91,23.9],[74.91,23.79],[74.94,23.69],[74.82,23.5],[74.65,23.43],[74.57,23.37],[74.54,23.25],[74.66,23.23],[74.72,23.18],[74.61,23.11],[74.48,23.06],[74.32,23.04],[74.23,23.16],[74.11,23.19],[74.11,23.25],[73.96,23.36],[73.9,23.33],[73.81,23.43],[73.71,23.42],[73.62,23.45],[73.62,23.58],[73.51,23.68],[73.36,23.78],[73.36,23.89],[73.42,23.94],[73.35,24.1],[73.25,24.02],[73.08,24.2],[73.14,24.34],[73.1,24.5],[73.0,24.49],[72.96,24.39],[72.9,24.36],[72.75,24.38],[72.67,24.46],[72.56,24.51],[72.5,24.5],[72.28,24.57],[72.26,24.61],[72.1,24.66],[72.05,24.71],[71.95,24.66],[71.75,24.68],[71.65,24.66],[71.55,24.69],[71.38,24.65],[71.25,24.64],[71.05,24.69]]]}},{"type":"Feature","properties":{"country":"India","name":"Uttar Pradesh","slug":"uttar-pradesh","iso":"IN-UP"},"geometry":{"type":"Polygon","coordinates":[[[80.07,28.83],[80.15,28.78],[80.23,28.72],[80.32,28.67],[80.42,28.61],[80.48,28.6],[80.5,28.64],[80.52,28.67],[80.59,28.65],[80.67,28.6],[80.73,28.55],[80.75,28.54],[80.9,28.47],[81.02,28.41],[81.17,28.34],[81.21,28.29],[81.24,28.24],[81.31,28.18],[81.49,28.06],[81.64,27.98],[81.76,27.91],[81.85,27.87],[81.9,27.87],[81.95,27.9],[81.99,27.91],[82.04,27.9],[82.11,27.86],[82.29,27.76],[82.45,27.67],[82.63,27.69],[82.68,27.67],[82.71,27.6],[82.73,27.52],[82.93,27.47],[83.06,27.44],[83.21,27.4],[83.29,27.37],[83.37,27.41],[83.38,27.44],[83.45,27.47],[83.55,27.46],[83.75,27.4],[83.83,27.38],[83.94,27.22],[83.94,27.16],[84.02,27.06],[84.07,26.92],[84.15,26.88],[84.24,26.87],[84.25,26.76],[84.31,26.74],[84.38,26.64],[84.1,26.65],[84.05,26.56],[83.92,26.53],[83.96,26.45],[84.03,26.47],[84.18,26.4],[84.19,26.29],[83.99,26.24],[84.06,26.1],[84.15,26.07],[84.26,25.93],[84.37,25.94],[84.42,25.89],[84.53,25.86],[84.61,25.8],[84.6,25.75],[84.49,25.7],[84.37,25.77],[84.31,25.74],[84.32,25.66],[84.24,25.65],[84.21,25.73],[84.14,25.74],[83.9,25.53],[83.77,25.44],[83.38,25.24],[83.33,25.17],[83.32,25.07],[83.36,25.01],[83.36,24.86],[83.51,24.76],[83.53,24.7],[83.52,24.53],[83.4,24.5],[83.45,24.36],[83.34,24.14],[83.21,23.94],[83.09,23.91],[82.96,23.91],[82.8,24.0],[82.68,24.17],[82.73,24.21],[82.77,24.39],[82.73,24.42],[82.73,24.55],[82.81,24.57],[82.77,24.67],[82.69,24.72],[82.62,24.69],[82.43,24.72],[82.42,24.65],[82.3,24.64],[82.32,24.7],[82.03,24.86],[81.88,24.92],[81.82,25.04],[81.59,25.08],[81.54,25.2],[81.36,25.16],[81.24,25.17],[81.24,25.1],[81.18,24.97],[81.1,24.91],[81.0,24.97],[80.89,24.98],[80.78,24.97],[80.86,25.19],[80.81,25.21],[80.72,25.08],[80.65,25.07],[80.58,25.15],[80.52,25.04],[80.46,25.02],[80.29,25.02],[80.27,25.06],[80.42,25.18],[80.4,25.25],[80.33,25.28],[80.28,25.41],[80.19,25.41],[80.12,25.35],[80.02,25.33],[79.85,25.25],[79.86,25.15],[79.66,25.15],[79.54,25.18],[79.47,25.1],[79.34,25.15],[79.42,25.26],[79.29,25.26],[79.27,25.16],[79.11,25.2],[79.02,25.17],[78.98,25.24],[78.89,25.27],[78.95,25.39],[78.92,25.5],[78.85,25.43],[78.75,25.43],[78.73,25.35],[78.6,25.41],[78.52,25.27],[78.61,25.14],[78.64,24.96],[78.73,24.81],[78.72,24.69],[78.75,24.63],[78.88,24.61],[78.96,24.39],[78.83,24.23],[78.75,24.28],[78.66,24.29],[78.49,24.41],[78.39,24.3],[78.33,24.34],[78.35,24.41],[78.28,24.45],[78.23,24.53],[78.26,24.58],[78.26,24.69],[78.17,24.87],[78.34,25.02],[78.37,25.19],[78.26,25.41],[78.33,25.46],[78.37,25.55],[78.56,25.58],[78.71,25.63],[78.75,25.67],[78.74,25.79],[78.81,25.84],[78.95,26.11],[78.96,26.28],[79.06,26.36],[79.03,26.5],[78.97,26.57],[78.94,26.69],[78.84,26.71],[78.69,26.8],[78.56,26.76],[78.37,26.85],[78.2,26.82],[78.22,26.94],[78.11,26.95],[77.98,26.9],[77.7,26.93],[77.51,26.83],[77.46,26.9],[77.63,26.97],[77.51,27.11],[77.59,27.13],[77.66,27.2],[77.61,27.32],[77.46,27.39],[77.35,27.54],[77.28,27.81],[77.42,27.89],[77.48,27.9],[77.53,27.97],[77.47,28.05],[77.53,28.25],[77.47,28.32],[77.5,28.39],[77.33,28.52],[77.34,28.63],[77.31,28.72],[77.23,28.78],[77.2,28.88],[77.2,29.0],[77.14,29.13],[77.13,29.28],[77.15,29.4],[77.06,29.57],[77.09,29.66],[77.18,29.8],[77.23,29.98],[77.28,30.04],[77.57,30.28],[77.59,30.38],[77.66,30.39],[77.75,30.33],[77.93,30.24],[77.83,30.13],[77.75,29.98],[77.75,29.88],[77.78,29.74],[77.83,29.66],[77.98,29.72],[78.11,29.65],[78.19,29.71],[78.15,29.93],[78.23,29.95],[78.38,29.76],[78.48,29.72],[78.64,29.54],[78.91,29.39],[78.72,29.28],[78.87,29.22],[78.95,29.13],[79.06,29.15],[79.17,29.05],[79.3,28.97],[79.37,28.97],[79.44,28.85],[79.53,28.88],[79.7,28.85],[79.74,28.89],[79.84,28.86],[79.84,28.8],[80.0,28.74],[80.07,28.83]]]}},{"type":"Feature","properties":{"country":"India","name":"Uttarakhand","slug":"uttarakhand","iso":"IN-UT"},"geometry":{"type":"Polygon","coordinates":[[[81.01,30.16],[80.97,30.18],[80.91,30.17],[80.85,30.14],[80.82,30.12],[80.68,29.99],[80.61,29.96],[80.55,29.9],[80.4,29.73],[80.32,29.57],[80.25,29.42],[80.26,29.32],[80.23,29.19],[80.17,29.12],[80.13,29.1],[80.08,28.99],[80.05,28.87],[80.07,28.83],[80.0,28.74],[79.84,28.8],[79.84,28.86],[79.74,28.89],[79.7,28.85],[79.53,28.88],[79.44,28.85],[79.37,28.97],[79.3,28.97],[79.17,29.05],[79.06,29.15],[78.95,29.13],[78.87,29.22],[78.72,29.28],[78.91,29.39],[78.64,29.54],[78.48,29.72],[78.38,29.76],[78.23,29.95],[78.15,29.93],[78.19,29.71],[78.11,29.65],[77.98,29.72],[77.83,29.66],[77.78,29.74],[77.75,29.88],[77.75,29.98],[77.83,30.13],[77.93,30.24],[77.75,30.33],[77.66,30.39],[77.59,30.38],[77.81,30.52],[77.71,30.79],[77.79,30.93],[77.81,31.05],[77.94,31.17],[78.04,31.17],[78.28,31.29],[78.37,31.29],[78.5,31.22],[78.58,31.23],[78.79,31.21],[78.87,31.12],[78.99,31.16],[78.87,31.31],[78.9,31.33],[78.95,31.34],[78.97,31.33],[79.01,31.41],[79.04,31.43],[79.11,31.4],[79.23,31.24],[79.34,31.11],[79.37,31.08],[79.37,31.08],[79.39,31.06],[79.49,30.99],[79.57,30.95],[79.66,30.97],[79.79,30.97],[79.87,30.92],[79.91,30.9],[79.92,30.89],[80.08,30.78],[80.15,30.79],[80.19,30.76],[80.21,30.68],[80.19,30.61],[80.19,30.57],[80.19,30.57],[80.26,30.56],[80.41,30.51],[80.54,30.46],[80.61,30.45],[80.68,30.41],[80.75,30.36],[80.87,30.29],[80.99,30.24],[81.01,30.16]]]}},{"type":"Feature","properties":{"country":"India","name":"Jharkhand","slug":"jharkhand","iso":"IN-JH"},"geometry":{"type":"Polygon","coordinates":[[[83.97,22.54],[84.0,22.59],[84.19,22.7],[84.23,22.78],[84.35,22.89],[84.29,23.0],[84.11,23.0],[84.09,23.08],[84.03,23.15],[84.04,23.31],[84.02,23.38],[83.95,23.37],[83.95,23.47],[84.01,23.55],[83.99,23.63],[83.91,23.56],[83.78,23.59],[83.72,23.68],[83.74,23.74],[83.7,23.82],[83.56,23.94],[83.52,24.07],[83.44,24.12],[83.34,24.14],[83.45,24.36],[83.4,24.5],[83.52,24.53],[83.7,24.51],[83.79,24.54],[83.92,24.54],[84.04,24.62],[84.1,24.5],[84.31,24.53],[84.31,24.45],[84.47,24.31],[84.52,24.31],[84.59,24.39],[84.8,24.5],[84.89,24.37],[84.96,24.35],[85.28,24.49],[85.39,24.51],[85.53,24.5],[85.58,24.56],[85.66,24.57],[85.65,24.65],[85.75,24.77],[85.83,24.77],[85.91,24.7],[86.03,24.71],[86.1,24.69],[86.15,24.56],[86.29,24.55],[86.28,24.43],[86.44,24.34],[86.49,24.48],[86.59,24.56],[86.7,24.55],[86.76,24.59],[86.89,24.53],[86.93,24.61],[87.05,24.6],[87.08,24.75],[87.12,24.85],[87.12,24.97],[87.19,25.06],[87.27,25.07],[87.29,25.17],[87.41,25.18],[87.52,25.32],[87.6,25.27],[87.73,25.25],[87.78,25.21],[87.78,25.09],[87.84,25.04],[87.88,24.94],[87.85,24.76],[87.9,24.67],[87.88,24.59],[87.79,24.56],[87.8,24.5],[87.72,24.32],[87.63,24.27],[87.66,24.19],[87.57,24.12],[87.49,24.12],[87.49,24.05],[87.34,24.0],[87.3,24.06],[87.24,23.85],[87.17,23.81],[87.08,23.82],[86.88,23.91],[86.81,23.82],[86.8,23.73],[86.65,23.7],[86.46,23.64],[86.35,23.57],[86.34,23.51],[86.21,23.45],[86.12,23.5],[86.13,23.56],[86.06,23.6],[86.0,23.51],[85.83,23.48],[85.89,23.42],[85.83,23.26],[85.89,23.16],[86.02,23.15],[86.14,23.03],[86.45,23.0],[86.41,22.94],[86.4,22.78],[86.59,22.68],[86.61,22.6],[86.75,22.54],[86.72,22.47],[86.79,22.42],[86.78,22.29],[86.69,22.22],[86.49,22.34],[86.37,22.33],[86.27,22.42],[86.1,22.5],[86.04,22.56],[85.94,22.5],[85.99,22.39],[85.96,22.24],[85.97,22.1],[85.92,22.02],[85.83,21.99],[85.78,22.01],[85.79,22.13],[85.68,22.08],[85.55,22.11],[85.43,22.16],[85.32,22.13],[85.23,22.04],[85.11,22.11],[84.99,22.11],[85.09,22.28],[85.1,22.39],[85.07,22.5],[84.91,22.42],[84.8,22.45],[84.73,22.43],[84.53,22.42],[84.42,22.33],[84.31,22.32],[84.15,22.39],[84.07,22.5],[83.97,22.54]]]}},{"type":"Feature","properties":{"country":"India","name":"West Bengal","slug":"west-bengal","iso":"IN-WB"},"geometry":{"type":"Polygon","coordinates":[[[88.76,27.15],[88.77,27.13],[88.81,27.1],[88.84,27.07],[88.86,26.96],[88.92,26.93],[89.04,26.87],[89.15,26.82],[89.33,26.85],[89.38,26.83],[89.47,26.8],[89.55,26.8],[89.59,26.78],[89.61,26.76],[89.61,26.74],[89.61,26.72],[89.71,26.71],[89.76,26.7],[89.86,26.71],[89.89,26.53],[89.83,26.33],[89.78,26.31],[89.73,26.21],[89.69,26.2],[89.67,26.21],[89.62,26.22],[89.59,26.19],[89.57,26.13],[89.59,26.07],[89.55,26.01],[89.47,25.98],[89.37,26.01],[89.29,26.04],[89.19,26.11],[89.11,26.2],[89.1,26.31],[89.07,26.38],[89.02,26.41],[88.98,26.42],[88.95,26.41],[88.92,26.38],[88.95,26.34],[88.98,26.29],[88.97,26.25],[88.94,26.25],[88.9,26.26],[88.83,26.25],[88.76,26.28],[88.72,26.28],[88.68,26.29],[88.68,26.35],[88.62,26.43],[88.52,26.52],[88.42,26.57],[88.37,26.56],[88.35,26.5],[88.35,26.48],[88.39,26.47],[88.44,26.44],[88.45,26.4],[88.44,26.37],[88.38,26.31],[88.33,26.26],[88.24,26.18],[88.15,26.09],[88.13,26.02],[88.1,25.96],[88.08,25.89],[88.11,25.84],[88.15,25.81],[88.25,25.79],[88.36,25.7],[88.45,25.57],[88.5,25.54],[88.59,25.5],[88.77,25.49],[88.8,25.46],[88.82,25.37],[88.85,25.33],[88.94,25.29],[88.95,25.26],[88.93,25.22],[88.89,25.19],[88.82,25.18],[88.75,25.17],[88.68,25.18],[88.57,25.19],[88.46,25.19],[88.37,24.96],[88.31,24.88],[88.28,24.88],[88.19,24.92],[88.15,24.91],[88.05,24.71],[88.03,24.66],[88.02,24.63],[88.08,24.55],[88.15,24.49],[88.23,24.46],[88.29,24.48],[88.34,24.45],[88.4,24.39],[88.5,24.35],[88.64,24.33],[88.72,24.27],[88.73,24.23],[88.73,24.19],[88.71,24.07],[88.7,24.0],[88.62,23.83],[88.57,23.67],[88.6,23.6],[88.62,23.57],[88.64,23.55],[88.7,23.49],[88.74,23.44],[88.7,23.29],[88.72,23.25],[88.81,23.23],[88.9,23.21],[88.93,23.19],[88.85,23.04],[88.87,22.94],[88.9,22.84],[88.92,22.69],[88.93,22.67],[88.92,22.63],[88.97,22.51],[89.05,22.27],[89.06,22.19],[89.05,22.09],[89.03,21.94],[88.95,21.94],[89.02,21.83],[89.04,21.76],[89.05,21.65],[88.97,21.64],[88.91,21.65],[88.86,21.74],[88.83,21.66],[88.75,21.58],[88.71,21.62],[88.69,21.66],[88.69,21.73],[88.74,22.01],[88.73,22.04],[88.71,22.06],[88.66,22.07],[88.64,22.12],[88.57,21.83],[88.6,21.71],[88.58,21.66],[88.45,21.61],[88.31,21.72],[88.29,21.76],[88.28,21.7],[88.25,21.62],[88.12,21.64],[88.06,21.69],[88.1,21.79],[88.18,22.03],[88.2,22.14],[88.09,22.22],[87.99,22.27],[87.94,22.37],[87.96,22.26],[88.01,22.21],[88.08,22.18],[88.16,22.12],[88.1,22.05],[88.05,22.0],[87.95,21.83],[87.82,21.73],[87.68,21.65],[87.48,21.61],[87.41,21.79],[87.28,21.81],[87.23,21.85],[87.19,21.96],[87.11,21.97],[87.06,21.91],[86.99,21.97],[86.99,22.07],[86.83,22.12],[86.69,22.22],[86.78,22.29],[86.79,22.42],[86.72,22.47],[86.75,22.54],[86.61,22.6],[86.59,22.68],[86.4,22.78],[86.41,22.94],[86.45,23.0],[86.14,23.03],[86.02,23.15],[85.89,23.16],[85.83,23.26],[85.89,23.42],[85.83,23.48],[86.0,23.51],[86.06,23.6],[86.13,23.56],[86.12,23.5],[86.21,23.45],[86.34,23.51],[86.35,23.57],[86.46,23.64],[86.65,23.7],[86.8,23.73],[86.81,23.82],[86.88,23.91],[87.08,23.82],[87.17,23.81],[87.24,23.85],[87.3,24.06],[87.34,24.0],[87.49,24.05],[87.49,24.12],[87.57,24.12],[87.66,24.19],[87.63,24.27],[87.72,24.32],[87.8,24.5],[87.79,24.56],[87.88,24.59],[87.9,24.67],[87.85,24.76],[87.88,24.94],[87.84,25.04],[87.78,25.09],[87.78,25.21],[87.84,25.28],[87.77,25.44],[87.96,25.53],[88.04,25.55],[88.05,25.67],[87.91,25.77],[87.81,25.87],[87.83,26.01],[87.98,26.15],[88.08,26.19],[88.18,26.29],[88.3,26.34],[88.28,26.43],[88.19,26.5],[88.09,26.54],[88.11,26.59],[88.16,26.72],[88.16,26.81],[88.11,26.93],[87.99,27.09],[87.98,27.13],[88.0,27.25],[88.12,27.14],[88.23,27.14],[88.36,27.09],[88.45,27.11],[88.52,27.18],[88.66,27.17],[88.76,27.15]]]}},{"type":"Feature","properties":{"country":"India","name":"Bihar","slug":"bihar","iso":"IN-BR"},"geometry":{"type":"Polygon","coordinates":[[[83.83,27.38],[83.9,27.44],[84.02,27.46],[84.09,27.49],[84.23,27.43],[84.48,27.35],[84.61,27.3],[84.64,27.25],[84.65,27.2],[84.65,27.09],[84.69,27.04],[84.94,26.93],[85.02,26.88],[85.09,26.86],[85.13,26.86],[85.15,26.85],[85.17,26.78],[85.19,26.77],[85.24,26.75],[85.29,26.74],[85.46,26.8],[85.57,26.84],[85.65,26.83],[85.7,26.78],[85.71,26.71],[85.74,26.64],[85.79,26.6],[85.86,26.6],[86.01,26.65],[86.13,26.61],[86.24,26.6],[86.37,26.57],[86.41,26.56],[86.54,26.5],[86.7,26.44],[86.76,26.44],[87.02,26.56],[87.04,26.54],[87.09,26.43],[87.17,26.39],[87.29,26.36],[87.41,26.42],[87.51,26.41],[87.63,26.4],[87.75,26.43],[87.85,26.44],[88.0,26.38],[88.03,26.4],[88.05,26.43],[88.09,26.54],[88.19,26.5],[88.28,26.43],[88.3,26.34],[88.18,26.29],[88.08,26.19],[87.98,26.15],[87.83,26.01],[87.81,25.87],[87.91,25.77],[88.05,25.67],[88.04,25.55],[87.96,25.53],[87.77,25.44],[87.84,25.28],[87.78,25.21],[87.73,25.25],[87.6,25.27],[87.52,25.32],[87.41,25.18],[87.29,25.17],[87.27,25.07],[87.19,25.06],[87.12,24.97],[87.12,24.85],[87.08,24.75],[87.05,24.6],[86.93,24.61],[86.89,24.53],[86.76,24.59],[86.7,24.55],[86.59,24.56],[86.49,24.48],[86.44,24.34],[86.28,24.43],[86.29,24.55],[86.15,24.56],[86.1,24.69],[86.03,24.71],[85.91,24.7],[85.83,24.77],[85.75,24.77],[85.65,24.65],[85.66,24.57],[85.58,24.56],[85.53,24.5],[85.39,24.51],[85.28,24.49],[84.96,24.35],[84.89,24.37],[84.8,24.5],[84.59,24.39],[84.52,24.31],[84.47,24.31],[84.31,24.45],[84.31,24.53],[84.1,24.5],[84.04,24.62],[83.92,24.54],[83.79,24.54],[83.7,24.51],[83.52,24.53],[83.53,24.7],[83.51,24.76],[83.36,24.86],[83.36,25.01],[83.32,25.07],[83.33,25.17],[83.38,25.24],[83.77,25.44],[83.9,25.53],[84.14,25.74],[84.21,25.73],[84.24,25.65],[84.32,25.66],[84.31,25.74],[84.37,25.77],[84.49,25.7],[84.6,25.75],[84.61,25.8],[84.53,25.86],[84.42,25.89],[84.37,25.94],[84.26,25.93],[84.15,26.07],[84.06,26.1],[83.99,26.24],[84.19,26.29],[84.18,26.4],[84.03,26.47],[83.96,26.45],[83.92,26.53],[84.05,26.56],[84.1,26.65],[84.38,26.64],[84.31,26.74],[84.25,26.76],[84.24,26.87],[84.15,26.88],[84.07,26.92],[84.02,27.06],[83.94,27.16],[83.94,27.22],[83.83,27.38]]]}},{"type":"Feature","properties":{"country":"India","name":"Chhattisgarh","slug":"chhattisgarh","iso":"IN-CT"},"geometry":{"type":"Polygon","coordinates":[[[80.27,18.71],[80.27,18.78],[80.34,18.85],[80.27,18.98],[80.37,19.12],[80.4,19.23],[80.58,19.39],[80.62,19.32],[80.72,19.26],[80.83,19.35],[80.89,19.48],[80.83,19.55],[80.71,19.59],[80.68,19.68],[80.57,19.74],[80.54,19.81],[80.43,19.89],[80.53,19.92],[80.56,20.05],[80.53,20.13],[80.43,20.15],[80.42,20.23],[80.62,20.33],[80.62,20.6],[80.5,20.63],[80.57,20.7],[80.55,20.92],[80.48,20.93],[80.44,21.0],[80.48,21.17],[80.63,21.24],[80.68,21.35],[80.72,21.47],[80.73,21.71],[80.81,21.77],[80.84,21.85],[80.84,21.95],[80.92,22.1],[80.99,22.11],[81.02,22.19],[81.12,22.29],[81.12,22.4],[81.18,22.48],[81.23,22.44],[81.37,22.49],[81.42,22.44],[81.54,22.52],[81.64,22.55],[81.67,22.61],[81.77,22.66],[81.79,22.85],[81.94,22.95],[81.95,23.04],[82.07,23.1],[82.13,23.1],[82.19,23.29],[82.1,23.37],[81.99,23.4],[81.91,23.51],[81.74,23.54],[81.64,23.48],[81.59,23.56],[81.69,23.69],[81.62,23.83],[81.68,23.89],[81.78,23.8],[81.94,23.84],[82.08,23.8],[82.53,23.78],[82.65,23.84],[82.66,23.88],[82.77,23.93],[82.8,24.0],[82.96,23.91],[83.09,23.91],[83.21,23.94],[83.34,24.14],[83.44,24.12],[83.52,24.07],[83.56,23.94],[83.7,23.82],[83.74,23.74],[83.72,23.68],[83.78,23.59],[83.91,23.56],[83.99,23.63],[84.01,23.55],[83.95,23.47],[83.95,23.37],[84.02,23.38],[84.04,23.31],[84.03,23.15],[84.09,23.08],[84.11,23.0],[84.29,23.0],[84.35,22.89],[84.23,22.78],[84.19,22.7],[84.0,22.59],[83.97,22.54],[84.0,22.44],[83.95,22.37],[83.84,22.35],[83.73,22.26],[83.61,22.2],[83.55,22.1],[83.52,21.96],[83.57,21.92],[83.56,21.83],[83.47,21.81],[83.44,21.72],[83.35,21.58],[83.33,21.5],[83.38,21.4],[83.36,21.34],[83.28,21.36],[83.2,21.17],[83.08,21.11],[82.96,21.18],[82.67,21.16],[82.56,20.95],[82.45,20.85],[82.34,20.86],[82.37,20.66],[82.34,20.56],[82.42,20.43],[82.43,20.16],[82.42,20.07],[82.61,19.99],[82.7,20.0],[82.68,19.82],[82.38,19.89],[82.29,19.84],[82.23,19.96],[82.1,20.05],[82.05,20.02],[81.94,20.1],[81.87,20.05],[81.82,19.91],[82.03,19.78],[82.03,19.52],[82.17,19.39],[82.15,19.24],[82.22,19.02],[82.22,18.92],[82.17,18.88],[82.14,18.75],[81.97,18.69],[81.9,18.62],[81.91,18.54],[81.79,18.44],[81.74,18.36],[81.64,18.29],[81.54,18.26],[81.44,17.88],[81.39,17.81],[81.25,17.8],[81.15,17.84],[81.04,17.78],[80.99,17.84],[80.98,17.96],[80.94,18.09],[80.85,18.2],[80.77,18.23],[80.7,18.41],[80.58,18.54],[80.5,18.6],[80.41,18.59],[80.32,18.64],[80.27,18.71]]]}},{"type":"Feature","properties":{"country":"India","name":"Madhya Pradesh","slug":"madhya-pradesh","iso":"IN-MP"},"geometry":{"type":"Polygon","coordinates":[[[80.68,21.35],[80.63,21.33],[80.42,21.45],[80.31,21.58],[80.19,21.64],[80.01,21.55],[79.84,21.53],[79.8,21.59],[79.65,21.58],[79.55,21.55],[79.53,21.62],[79.41,21.69],[79.24,21.71],[79.22,21.65],[78.92,21.57],[78.9,21.51],[78.7,21.47],[78.51,21.53],[78.43,21.51],[78.41,21.61],[78.19,21.55],[78.03,21.44],[77.87,21.4],[77.79,21.42],[77.71,21.38],[77.58,21.38],[77.48,21.42],[77.43,21.5],[77.46,21.55],[77.56,21.54],[77.55,21.7],[77.46,21.77],[77.33,21.77],[77.22,21.7],[77.12,21.72],[77.03,21.69],[76.92,21.62],[76.79,21.58],[76.79,21.5],[76.73,21.41],[76.63,21.34],[76.65,21.25],[76.61,21.2],[76.5,21.18],[76.44,21.11],[76.29,21.07],[76.19,21.09],[76.11,21.15],[76.14,21.19],[76.08,21.37],[75.88,21.4],[75.81,21.38],[75.53,21.37],[75.31,21.38],[75.13,21.44],[75.05,21.55],[74.89,21.61],[74.71,21.61],[74.51,21.73],[74.49,21.95],[74.41,22.02],[74.28,21.94],[74.2,21.93],[74.13,21.95],[74.14,22.06],[74.07,22.2],[74.06,22.29],[74.22,22.35],[74.22,22.41],[74.11,22.41],[74.03,22.48],[74.06,22.52],[74.16,22.52],[74.27,22.61],[74.38,22.65],[74.46,22.8],[74.43,22.87],[74.37,22.87],[74.32,23.04],[74.48,23.06],[74.61,23.11],[74.72,23.18],[74.66,23.23],[74.54,23.25],[74.57,23.37],[74.65,23.43],[74.82,23.5],[74.94,23.69],[74.91,23.79],[74.91,23.9],[74.97,24.03],[74.89,24.13],[74.87,24.24],[74.76,24.26],[74.77,24.36],[74.85,24.44],[74.71,24.52],[74.81,24.74],[74.87,24.67],[74.97,24.69],[74.97,24.79],[74.84,24.8],[74.82,24.92],[74.88,24.92],[74.98,24.86],[75.08,24.89],[75.13,25.04],[75.24,25.04],[75.32,24.96],[75.17,24.76],[75.2,24.72],[75.45,24.7],[75.65,24.74],[75.76,24.78],[75.87,24.6],[75.87,24.51],[75.79,24.49],[75.73,24.42],[75.79,24.25],[75.75,24.19],[75.81,24.12],[75.73,24.0],[75.62,24.0],[75.54,24.04],[75.49,23.94],[75.58,23.88],[75.6,23.82],[75.7,23.79],[75.78,23.88],[75.9,23.92],[76.0,23.98],[76.0,24.05],[76.12,24.13],[76.13,24.33],[76.23,24.28],[76.46,24.27],[76.54,24.22],[76.57,24.27],[76.77,24.16],[76.87,24.18],[76.89,24.24],[76.81,24.36],[76.81,24.56],[76.88,24.56],[76.94,24.5],[77.04,24.54],[77.04,24.67],[76.97,24.74],[76.85,24.76],[76.78,24.84],[76.88,24.9],[76.86,25.03],[77.0,25.09],[77.19,25.13],[77.34,25.11],[77.4,25.21],[77.36,25.26],[77.36,25.41],[77.26,25.43],[77.2,25.36],[77.08,25.35],[76.91,25.31],[76.78,25.33],[76.65,25.38],[76.55,25.46],[76.48,25.72],[76.55,25.85],[76.65,25.92],[76.73,25.92],[76.91,26.1],[77.08,26.19],[77.12,26.24],[77.21,26.24],[77.32,26.35],[77.43,26.37],[77.62,26.48],[77.72,26.51],[77.83,26.58],[77.9,26.66],[78.01,26.7],[78.08,26.68],[78.1,26.8],[78.2,26.82],[78.37,26.85],[78.56,26.76],[78.69,26.8],[78.84,26.71],[78.94,26.69],[78.97,26.57],[79.03,26.5],[79.06,26.36],[78.96,26.28],[78.95,26.11],[78.81,25.84],[78.74,25.79],[78.75,25.67],[78.71,25.63],[78.56,25.58],[78.37,25.55],[78.33,25.46],[78.26,25.41],[78.37,25.19],[78.34,25.02],[78.17,24.87],[78.26,24.69],[78.26,24.58],[78.23,24.53],[78.28,24.45],[78.35,24.41],[78.33,24.34],[78.39,24.3],[78.49,24.41],[78.66,24.29],[78.75,24.28],[78.83,24.23],[78.96,24.39],[78.88,24.61],[78.75,24.63],[78.72,24.69],[78.73,24.81],[78.64,24.96],[78.61,25.14],[78.52,25.27],[78.6,25.41],[78.73,25.35],[78.75,25.43],[78.85,25.43],[78.92,25.5],[78.95,25.39],[78.89,25.27],[78.98,25.24],[79.02,25.17],[79.11,25.2],[79.27,25.16],[79.29,25.26],[79.42,25.26],[79.34,25.15],[79.47,25.1],[79.54,25.18],[79.66,25.15],[79.86,25.15],[79.85,25.25],[80.02,25.33],[80.12,25.35],[80.19,25.41],[80.28,25.41],[80.33,25.28],[80.4,25.25],[80.42,25.18],[80.27,25.06],[80.29,25.02],[80.46,25.02],[80.52,25.04],[80.58,25.15],[80.65,25.07],[80.72,25.08],[80.81,25.21],[80.86,25.19],[80.78,24.97],[80.89,24.98],[81.0,24.97],[81.1,24.91],[81.18,24.97],[81.24,25.1],[81.24,25.17],[81.36,25.16],[81.54,25.2],[81.59,25.08],[81.82,25.04],[81.88,24.92],[82.03,24.86],[82.32,24.7],[82.3,24.64],[82.42,24.65],[82.43,24.72],[82.62,24.69],[82.69,24.72],[82.77,24.67],[82.81,24.57],[82.73,24.55],[82.73,24.42],[82.77,24.39],[82.73,24.21],[82.68,24.17],[82.8,24.0],[82.77,23.93],[82.66,23.88],[82.65,23.84],[82.53,23.78],[82.08,23.8],[81.94,23.84],[81.78,23.8],[81.68,23.89],[81.62,23.83],[81.69,23.69],[81.59,23.56],[81.64,23.48],[81.74,23.54],[81.91,23.51],[81.99,23.4],[82.1,23.37],[82.19,23.29],[82.13,23.1],[82.07,23.1],[81.95,23.04],[81.94,22.95],[81.79,22.85],[81.77,22.66],[81.67,22.61],[81.64,22.55],[81.54,22.52],[81.42,22.44],[81.37,22.49],[81.23,22.44],[81.18,22.48],[81.12,22.4],[81.12,22.29],[81.02,22.19],[80.99,22.11],[80.92,22.1],[80.84,21.95],[80.84,21.85],[80.81,21.77],[80.73,21.71],[80.72,21.47],[80.68,21.35]]]}},{"type":"Feature","properties":{"country":"India","name":"Puducherry","slug":"puducherry","iso":"IN-PY"},"geometry":{"type":"MultiPolygon","coordinates":[[[[79.85,11.95],[79.81,11.83],[79.73,11.84],[79.69,12.0],[79.79,11.92],[79.85,11.95]]],[[[79.85,10.98],[79.85,10.77],[79.77,10.89],[79.71,10.91],[79.74,10.99],[79.85,10.98]]]]}},{"type":"Feature","properties":{"country":"India","name":"Tamil Nadu","slug":"tamil-nadu","iso":"IN-TN"},"geometry":{"type":"Polygon","coordinates":[[[79.85,10.77],[79.84,10.32],[79.76,10.3],[79.67,10.3],[79.59,10.31],[79.53,10.33],[79.39,10.31],[79.31,10.26],[79.25,10.17],[79.26,10.04],[79.0,9.68],[78.94,9.57],[78.92,9.45],[78.95,9.39],[79.02,9.33],[79.11,9.31],[79.28,9.28],[79.36,9.25],[79.41,9.19],[79.21,9.26],[78.98,9.27],[78.42,9.11],[78.27,8.99],[78.19,8.89],[78.14,8.66],[78.13,8.51],[78.06,8.38],[77.77,8.19],[77.59,8.13],[77.52,8.08],[77.3,8.15],[77.11,8.28],[77.17,8.34],[77.28,8.53],[77.2,8.61],[77.18,8.7],[77.24,8.78],[77.25,8.86],[77.2,8.89],[77.16,9.0],[77.25,9.12],[77.31,9.3],[77.4,9.5],[77.34,9.58],[77.26,9.56],[77.19,9.61],[77.24,9.76],[77.23,9.86],[77.26,9.96],[77.22,10.06],[77.28,10.21],[77.19,10.35],[77.06,10.3],[76.99,10.23],[76.93,10.24],[76.84,10.31],[76.81,10.44],[76.82,10.63],[76.88,10.68],[76.89,10.78],[76.82,10.88],[76.69,10.93],[76.72,11.14],[76.64,11.21],[76.47,11.21],[76.53,11.31],[76.5,11.38],[76.41,11.44],[76.26,11.48],[76.24,11.6],[76.34,11.59],[76.42,11.67],[76.47,11.71],[76.53,11.71],[76.61,11.63],[76.75,11.64],[76.82,11.63],[76.91,11.8],[77.0,11.83],[77.08,11.76],[77.12,11.79],[77.26,11.82],[77.35,11.78],[77.43,11.81],[77.49,11.93],[77.67,11.97],[77.77,12.12],[77.67,12.2],[77.49,12.21],[77.47,12.27],[77.56,12.34],[77.62,12.47],[77.57,12.56],[77.61,12.67],[77.77,12.72],[77.8,12.86],[77.9,12.87],[78.0,12.81],[78.06,12.85],[78.23,12.76],[78.35,12.64],[78.42,12.63],[78.58,12.78],[78.64,12.99],[78.74,13.06],[78.94,13.09],[79.08,13.04],[79.16,13.04],[79.25,13.15],[79.31,13.13],[79.42,13.22],[79.45,13.33],[79.54,13.32],[79.57,13.28],[79.67,13.29],[79.7,13.24],[79.78,13.22],[79.82,13.29],[79.96,13.37],[79.96,13.42],[80.1,13.46],[80.23,13.47],[80.29,13.44],[80.34,13.36],[80.23,12.69],[80.14,12.45],[80.04,12.3],[79.98,12.24],[79.86,11.99],[79.85,11.95],[79.79,11.92],[79.69,12.0],[79.73,11.84],[79.81,11.83],[79.77,11.69],[79.75,11.58],[79.79,11.45],[79.75,11.37],[79.69,11.31],[79.8,11.34],[79.84,11.27],[79.85,11.2],[79.85,10.98],[79.74,10.99],[79.71,10.91],[79.77,10.89],[79.85,10.77]]]}},{"type":"Feature","properties":{"country":"India","name":"Gujarat","slug":"gujarat","iso":"IN-GJ"},"geometry":{"type":"Polygon","coordinates":[[[71.05,24.69],[71.25,24.64],[71.38,24.65],[71.55,24.69],[71.65,24.66],[71.75,24.68],[71.95,24.66],[72.05,24.71],[72.1,24.66],[72.26,24.61],[72.28,24.57],[72.5,24.5],[72.56,24.51],[72.67,24.46],[72.75,24.38],[72.9,24.36],[72.96,24.39],[73.0,24.49],[73.1,24.5],[73.14,24.34],[73.08,24.2],[73.25,24.02],[73.35,24.1],[73.42,23.94],[73.36,23.89],[73.36,23.78],[73.51,23.68],[73.62,23.58],[73.62,23.45],[73.71,23.42],[73.81,23.43],[73.9,23.33],[73.96,23.36],[74.11,23.25],[74.11,23.19],[74.23,23.16],[74.32,23.04],[74.37,22.87],[74.43,22.87],[74.46,22.8],[74.38,22.65],[74.27,22.61],[74.16,22.52],[74.06,22.52],[74.03,22.48],[74.11,22.41],[74.22,22.41],[74.22,22.35],[74.06,22.29],[74.07,22.2],[74.14,22.06],[74.13,21.95],[74.06,21.94],[73.92,21.87],[73.81,21.84],[73.83,21.65],[73.75,21.61],[73.82,21.51],[74.0,21.56],[74.19,21.55],[74.29,21.51],[74.11,21.45],[74.05,21.47],[73.96,21.39],[73.92,21.29],[73.8,21.28],[73.78,21.22],[73.7,21.12],[73.87,20.97],[73.9,20.88],[73.91,20.78],[73.81,20.68],[73.79,20.61],[73.7,20.56],[73.48,20.68],[73.4,20.67],[73.46,20.54],[73.36,20.37],[73.39,20.27],[73.36,20.18],[73.27,20.19],[73.24,20.14],[73.17,20.11],[73.04,20.16],[73.05,20.22],[73.11,20.25],[73.05,20.33],[72.9,20.22],[72.95,20.13],[72.71,20.08],[72.82,20.38],[72.84,20.45],[72.85,20.47],[72.88,20.56],[72.89,20.67],[72.88,20.83],[72.84,20.95],[72.82,21.08],[72.81,21.12],[72.75,21.13],[72.69,21.18],[72.62,21.37],[72.69,21.44],[72.73,21.47],[72.67,21.46],[72.61,21.46],[72.72,21.55],[72.81,21.62],[73.02,21.7],[73.11,21.75],[72.98,21.7],[72.84,21.69],[72.54,21.7],[72.59,21.88],[72.64,21.94],[72.7,21.97],[72.62,21.96],[72.52,21.98],[72.55,22.16],[72.63,22.2],[72.71,22.21],[72.81,22.23],[72.7,22.26],[72.59,22.28],[72.46,22.25],[72.33,22.27],[72.18,22.27],[72.24,22.25],[72.31,22.19],[72.27,22.09],[72.24,22.03],[72.16,21.98],[72.09,21.92],[72.08,21.86],[72.04,21.82],[72.1,21.79],[72.17,21.77],[72.21,21.73],[72.26,21.66],[72.25,21.53],[72.08,21.22],[72.02,21.16],[71.57,20.97],[71.4,20.87],[71.02,20.74],[71.0,20.74],[70.88,20.71],[70.72,20.74],[70.49,20.84],[70.13,21.09],[70.03,21.18],[69.75,21.51],[69.54,21.68],[69.39,21.84],[69.19,21.99],[69.01,22.2],[68.97,22.29],[68.98,22.39],[69.05,22.44],[69.13,22.42],[69.19,22.34],[69.24,22.3],[69.28,22.29],[69.55,22.41],[69.66,22.4],[69.73,22.47],[69.82,22.45],[70.01,22.55],[70.08,22.55],[70.18,22.57],[70.33,22.82],[70.44,22.97],[70.51,23.0],[70.51,23.04],[70.49,23.09],[70.43,23.08],[70.4,23.03],[70.37,22.97],[70.34,22.94],[70.25,22.97],[70.19,22.97],[70.12,22.95],[69.85,22.86],[69.74,22.78],[69.66,22.76],[69.24,22.85],[68.82,23.05],[68.64,23.19],[68.53,23.36],[68.42,23.57],[68.45,23.63],[68.63,23.75],[68.78,23.85],[68.64,23.81],[68.5,23.75],[68.42,23.71],[68.34,23.62],[68.23,23.6],[68.19,23.73],[68.17,23.86],[68.23,23.9],[68.28,23.93],[68.38,23.95],[68.49,23.97],[68.59,23.97],[68.72,23.96],[68.73,24.27],[68.74,24.29],[68.76,24.31],[68.78,24.31],[68.8,24.31],[68.83,24.26],[68.86,24.27],[68.9,24.29],[68.98,24.27],[69.05,24.29],[69.12,24.27],[69.24,24.27],[69.44,24.28],[69.56,24.27],[69.63,24.23],[69.72,24.17],[69.81,24.17],[69.93,24.17],[70.02,24.19],[70.07,24.24],[70.1,24.29],[70.29,24.36],[70.49,24.41],[70.55,24.42],[70.57,24.39],[70.56,24.33],[70.58,24.28],[70.66,24.25],[70.72,24.24],[70.77,24.25],[70.81,24.26],[70.89,24.34],[70.93,24.36],[70.98,24.36],[71.04,24.4],[71.05,24.43],[71.01,24.44],[70.97,24.49],[70.98,24.52],[70.97,24.57],[70.98,24.62],[71.0,24.65],[71.05,24.69]]]}},{"type":"Feature","properties":{"country":"India","name":"Arunachal Pradesh","slug":"arunachal-pradesh","iso":"IN-AR"},"geometry":{"type":"Polygon","coordinates":[[[91.63,27.76],[91.71,27.76],[91.82,27.75],[91.91,27.73],[91.98,27.73],[92.1,27.81],[92.16,27.81],[92.22,27.83],[92.25,27.84],[92.27,27.83],[92.34,27.82],[92.41,27.82],[92.48,27.85],[92.55,27.88],[92.66,27.95],[92.69,27.99],[92.69,28.03],[92.67,28.05],[92.64,28.06],[92.65,28.09],[92.7,28.15],[92.88,28.23],[93.03,28.33],[93.12,28.4],[93.16,28.49],[93.21,28.59],[93.25,28.63],[93.36,28.65],[93.66,28.69],[93.76,28.73],[93.9,28.8],[93.97,28.86],[94.01,28.91],[94.02,28.96],[94.11,28.98],[94.19,29.06],[94.29,29.14],[94.47,29.22],[94.62,29.31],[94.68,29.3],[94.73,29.25],[94.76,29.2],[94.77,29.18],[94.97,29.14],[95.0,29.15],[95.14,29.1],[95.28,29.05],[95.35,29.04],[95.39,29.04],[95.42,29.05],[95.46,29.1],[95.49,29.14],[95.52,29.15],[95.52,29.21],[95.71,29.31],[95.89,29.39],[96.04,29.45],[96.08,29.42],[96.13,29.38],[96.19,29.27],[96.23,29.25],[96.34,29.26],[96.36,29.25],[96.34,29.21],[96.27,29.16],[96.18,29.12],[96.12,29.08],[96.14,28.96],[96.14,28.92],[96.16,28.91],[96.35,29.03],[96.44,29.05],[96.47,29.02],[96.48,28.96],[96.55,28.83],[96.58,28.76],[96.4,28.61],[96.33,28.53],[96.33,28.5],[96.33,28.47],[96.28,28.43],[96.28,28.41],[96.32,28.39],[96.37,28.37],[96.39,28.37],[96.43,28.41],[96.6,28.46],[96.65,28.45],[96.78,28.37],[96.83,28.36],[96.98,28.34],[97.08,28.37],[97.15,28.34],[97.29,28.24],[97.32,28.22],[97.31,28.16],[97.3,28.09],[97.34,28.03],[97.34,27.98],[97.34,27.94],[97.31,27.91],[97.23,27.89],[97.16,27.84],[97.05,27.76],[96.96,27.7],[96.9,27.64],[96.88,27.59],[96.88,27.51],[96.9,27.44],[97.1,27.16],[97.1,27.12],[97.04,27.1],[96.95,27.13],[96.88,27.18],[96.8,27.3],[96.73,27.33],[96.67,27.34],[96.27,27.28],[96.19,27.26],[96.06,27.22],[95.97,27.13],[95.91,27.05],[95.84,27.01],[95.74,26.95],[95.46,26.76],[95.31,26.67],[95.25,26.65],[95.24,26.79],[95.2,26.87],[95.23,26.97],[95.18,27.03],[95.26,27.05],[95.42,27.14],[95.49,27.25],[95.55,27.27],[95.64,27.23],[95.8,27.29],[95.9,27.28],[96.01,27.37],[95.98,27.45],[95.88,27.46],[95.89,27.56],[95.8,27.62],[95.78,27.72],[95.9,27.87],[95.96,27.99],[95.72,27.99],[95.54,27.9],[95.41,27.87],[95.31,27.9],[94.95,27.77],[94.8,27.7],[94.47,27.59],[94.35,27.59],[94.24,27.65],[94.24,27.53],[93.98,27.33],[93.85,27.2],[93.83,27.1],[93.69,27.01],[93.46,26.95],[93.38,26.99],[93.02,26.95],[92.81,27.05],[92.7,27.07],[92.63,27.02],[92.21,26.91],[92.07,26.92],[92.07,26.98],[92.03,27.04],[92.0,27.08],[91.99,27.1],[92.0,27.15],[92.03,27.21],[92.08,27.29],[92.04,27.36],[91.99,27.45],[91.95,27.46],[91.85,27.44],[91.74,27.44],[91.66,27.49],[91.59,27.56],[91.58,27.61],[91.6,27.68],[91.63,27.74],[91.63,27.76]]]}},{"type":"Feature","properties":{"country":"India","name":"Mizoram","slug":"mizoram","iso":"IN-MZ"},"geometry":{"type":"Polygon","coordinates":[[[93.31,24.03],[93.31,24.02],[93.37,23.77],[93.41,23.68],[93.41,23.53],[93.39,23.34],[93.37,23.13],[93.35,23.08],[93.31,23.03],[93.25,23.02],[93.2,23.04],[93.16,23.03],[93.15,23.0],[93.16,22.91],[93.11,22.81],[93.08,22.72],[93.09,22.63],[93.11,22.55],[93.16,22.36],[93.16,22.29],[93.15,22.23],[93.12,22.21],[93.07,22.21],[93.04,22.18],[93.02,22.15],[92.96,22.0],[92.91,21.99],[92.85,22.01],[92.77,22.1],[92.72,22.13],[92.69,22.13],[92.67,22.11],[92.65,22.05],[92.63,22.01],[92.57,21.98],[92.56,22.05],[92.53,22.41],[92.51,22.53],[92.49,22.69],[92.46,22.73],[92.43,22.82],[92.39,22.9],[92.36,22.93],[92.34,23.07],[92.33,23.24],[92.33,23.32],[92.29,23.49],[92.25,23.68],[92.27,23.83],[92.32,23.85],[92.33,24.19],[92.3,24.24],[92.42,24.24],[92.49,24.13],[92.62,24.24],[92.63,24.3],[92.7,24.36],[92.75,24.47],[92.83,24.38],[93.02,24.4],[93.0,24.1],[93.11,24.04],[93.25,24.06],[93.31,24.03]]]}},{"type":"Feature","properties":{"country":"India","name":"Tripura","slug":"tripura","iso":"IN-TR"},"geometry":{"type":"Polygon","coordinates":[[[92.25,23.68],[92.19,23.68],[92.15,23.72],[92.13,23.72],[92.04,23.68],[91.98,23.69],[91.93,23.69],[91.93,23.6],[91.94,23.5],[91.92,23.47],[91.79,23.36],[91.75,23.29],[91.76,23.21],[91.77,23.11],[91.75,23.05],[91.69,23.0],[91.62,22.98],[91.55,22.99],[91.51,23.03],[91.47,23.14],[91.44,23.2],[91.4,23.21],[91.37,23.2],[91.37,23.13],[91.37,23.07],[91.36,23.07],[91.34,23.08],[91.32,23.1],[91.25,23.37],[91.17,23.58],[91.16,23.66],[91.19,23.76],[91.23,23.92],[91.34,24.02],[91.35,24.06],[91.37,24.09],[91.39,24.1],[91.53,24.09],[91.57,24.11],[91.61,24.15],[91.67,24.19],[91.73,24.21],[91.77,24.21],[91.85,24.18],[91.88,24.2],[91.9,24.26],[91.93,24.33],[91.95,24.36],[92.0,24.37],[92.06,24.37],[92.09,24.39],[92.1,24.41],[92.12,24.49],[92.14,24.55],[92.22,24.5],[92.26,24.4],[92.22,24.26],[92.3,24.24],[92.33,24.19],[92.32,23.85],[92.27,23.83],[92.25,23.68]]]}},{"type":"Feature","properties":{"country":"India","name":"Maharashtra","slug":"maharashtra","iso":"IN-MH"},"geometry":{"type":"Polygon","coordinates":[[[74.1,15.64],[74.1,15.64],[73.99,15.61],[73.94,15.63],[73.91,15.72],[73.81,15.77],[73.68,15.71],[73.61,15.87],[73.48,16.05],[73.45,16.15],[73.34,16.46],[73.24,17.2],[73.15,17.53],[73.16,17.62],[73.05,17.91],[72.99,18.1],[72.97,18.26],[72.94,18.37],[72.92,18.58],[72.88,18.64],[72.87,18.68],[72.9,18.78],[72.98,18.93],[73.01,19.02],[72.97,19.15],[72.9,19.01],[72.83,18.98],[72.8,19.08],[72.8,19.22],[72.79,19.25],[72.81,19.3],[72.99,19.28],[72.79,19.36],[72.76,19.41],[72.76,19.45],[72.8,19.52],[72.73,19.58],[72.7,19.76],[72.68,19.8],[72.67,19.83],[72.71,20.08],[72.95,20.13],[73.0,20.04],[73.16,20.05],[73.17,20.11],[73.24,20.14],[73.27,20.19],[73.36,20.18],[73.39,20.27],[73.36,20.37],[73.46,20.54],[73.4,20.67],[73.48,20.68],[73.7,20.56],[73.79,20.61],[73.81,20.68],[73.91,20.78],[73.9,20.88],[73.87,20.97],[73.7,21.12],[73.78,21.22],[73.8,21.28],[73.92,21.29],[73.96,21.39],[74.05,21.47],[74.11,21.45],[74.29,21.51],[74.19,21.55],[74.0,21.56],[73.82,21.51],[73.75,21.61],[73.83,21.65],[73.81,21.84],[73.92,21.87],[74.06,21.94],[74.13,21.95],[74.2,21.93],[74.28,21.94],[74.41,22.02],[74.49,21.95],[74.51,21.73],[74.71,21.61],[74.89,21.61],[75.05,21.55],[75.13,21.44],[75.31,21.38],[75.53,21.37],[75.81,21.38],[75.88,21.4],[76.08,21.37],[76.14,21.19],[76.11,21.15],[76.19,21.09],[76.29,21.07],[76.44,21.11],[76.5,21.18],[76.61,21.2],[76.65,21.25],[76.63,21.34],[76.73,21.41],[76.79,21.5],[76.79,21.58],[76.92,21.62],[77.03,21.69],[77.12,21.72],[77.22,21.7],[77.33,21.77],[77.46,21.77],[77.55,21.7],[77.56,21.54],[77.46,21.55],[77.43,21.5],[77.48,21.42],[77.58,21.38],[77.71,21.38],[77.79,21.42],[77.87,21.4],[78.03,21.44],[78.19,21.55],[78.41,21.61],[78.43,21.51],[78.51,21.53],[78.7,21.47],[78.9,21.51],[78.92,21.57],[79.22,21.65],[79.24,21.71],[79.41,21.69],[79.53,21.62],[79.55,21.55],[79.65,21.58],[79.8,21.59],[79.84,21.53],[80.01,21.55],[80.19,21.64],[80.31,21.58],[80.42,21.45],[80.63,21.33],[80.68,21.35],[80.63,21.24],[80.48,21.17],[80.44,21.0],[80.48,20.93],[80.55,20.92],[80.57,20.7],[80.5,20.63],[80.62,20.6],[80.62,20.33],[80.42,20.23],[80.43,20.15],[80.53,20.13],[80.56,20.05],[80.53,19.92],[80.43,19.89],[80.54,19.81],[80.57,19.74],[80.68,19.68],[80.71,19.59],[80.83,19.55],[80.89,19.48],[80.83,19.35],[80.72,19.26],[80.62,19.32],[80.58,19.39],[80.4,19.23],[80.37,19.12],[80.27,18.98],[80.34,18.85],[80.27,18.78],[80.27,18.71],[80.09,18.7],[80.0,18.79],[79.96,18.87],[79.93,19.05],[79.86,19.08],[79.94,19.17],[79.93,19.21],[79.97,19.4],[79.93,19.48],[79.86,19.51],[79.8,19.59],[79.74,19.6],[79.54,19.53],[79.42,19.54],[79.27,19.59],[79.2,19.46],[79.06,19.55],[79.02,19.54],[78.87,19.65],[78.85,19.72],[78.78,19.78],[78.71,19.77],[78.53,19.82],[78.48,19.8],[78.38,19.87],[78.32,19.86],[78.38,19.68],[78.33,19.64],[78.3,19.48],[78.24,19.46],[78.17,19.37],[78.17,19.26],[78.06,19.26],[77.99,19.32],[77.92,19.33],[77.86,19.23],[77.83,19.12],[77.75,19.05],[77.91,18.84],[77.84,18.81],[77.78,18.7],[77.7,18.67],[77.68,18.57],[77.59,18.55],[77.5,18.38],[77.55,18.31],[77.46,18.28],[77.35,18.35],[77.3,18.46],[77.23,18.41],[77.23,18.33],[77.12,18.25],[77.09,18.2],[76.95,18.18],[76.89,18.14],[76.89,17.97],[76.84,17.88],[76.74,17.9],[76.76,17.83],[76.68,17.71],[76.59,17.77],[76.51,17.77],[76.39,17.64],[76.32,17.62],[76.34,17.35],[76.21,17.39],[76.09,17.38],[75.94,17.33],[75.87,17.42],[75.78,17.37],[75.61,17.47],[75.55,17.37],[75.62,17.22],[75.61,17.16],[75.65,17.09],[75.62,16.97],[75.55,17.01],[75.45,16.96],[75.37,16.98],[75.26,16.96],[75.24,16.9],[75.17,16.87],[75.04,16.95],[74.96,16.95],[74.92,16.89],[74.84,16.85],[74.87,16.78],[74.68,16.71],[74.67,16.61],[74.56,16.55],[74.52,16.62],[74.43,16.64],[74.35,16.54],[74.29,16.53],[74.37,16.29],[74.45,16.25],[74.47,16.11],[74.42,16.1],[74.43,15.99],[74.35,15.87],[74.33,15.76],[74.22,15.73],[74.19,15.77],[74.1,15.64]]]}}]}